Date,NDVI,Field_ID,Location,Season
2023-01-11,0.1644504018954402,north_field_a,North,
2023-01-11,0.4211611590655651,north_field_g,North,
2023-01-11,0.2408923678752771,north_field_h,North,
2023-01-11,0.4905565690891634,north_field_j,North,
2023-01-11,0.2268242486062279,north_field_e,North,
2023-01-11,0.5332185003168701,north_field_m,North,
2023-01-11,0.5347813463129435,north_field_b,North,
2023-01-11,0.1759891469868926,north_field_d,North,
2023-01-11,0.2897280776868816,north_field_c,North,
2023-01-11,0.4155703262505466,north_field_l,North,
2023-01-11,0.3751449333392295,north_field_k,North,
2023-01-11,0.2546324468658689,north_field_i,North,
2023-01-11,0.1935155421323706,north_field_f,North,
2023-02-25,0.3861704411092203,north_field_i,North,
2023-02-25,0.1906114498924603,north_field_a,North,
2023-02-25,0.2551646637287978,north_field_h,North,
2023-02-25,0.7166545415804951,north_field_j,North,
2023-02-25,0.1480068070271203,north_field_e,North,
2023-02-25,0.3989236466763715,north_field_m,North,
2023-02-25,0.3942737615280242,north_field_b,North,
2023-02-25,0.6014029364010628,north_field_k,North,
2023-02-25,0.1562078354347411,north_field_d,North,
2023-02-25,0.4439293859337881,north_field_g,North,
2023-02-25,0.4072399746588408,north_field_l,North,
2023-02-25,0.2348168909217231,north_field_f,North,
2023-02-25,0.5498991371558409,north_field_c,North,
2023-03-17,0.3895243103297692,north_field_m,North,
2023-03-17,0.3554220666672462,north_field_i,North,
2023-03-17,0.2562884148046831,north_field_h,North,
2023-03-17,0.3703951975719249,north_field_f,North,
2023-03-17,0.1943037530918606,north_field_e,North,
2023-03-17,0.3593751103448425,north_field_l,North,
2023-03-17,0.5380604455281529,north_field_c,North,
2023-03-17,0.4218911506863498,north_field_g,North,
2023-03-17,0.6371964185355798,north_field_j,North,
2023-03-17,0.1581246543313631,north_field_d,North,
2023-03-17,0.4726615067959641,north_field_b,North,
2023-03-17,0.4201309425815686,north_field_k,North,
2023-03-17,0.5998120679076395,north_field_a,North,
2023-04-21,0.3550726044005519,north_field_a,North,
2023-04-21,0.1863586163921389,north_field_j,North,
2023-04-21,0.2278275806278716,north_field_l,North,
2023-04-21,0.2855316857470079,north_field_b,North,
2023-04-21,0.2902460027959935,north_field_i,North,
2023-04-21,0.3047898441150452,north_field_m,North,
2023-04-21,0.3385784866695909,north_field_f,North,
2023-04-21,0.2250882666851531,north_field_k,North,
2023-04-21,0.2550148571403045,north_field_c,North,
2023-04-21,0.2834397862282388,north_field_g,North,
2023-04-21,0.1810120168087491,north_field_d,North,
2023-04-21,0.1959167338376052,north_field_e,North,
2023-04-21,0.3081651490871402,north_field_h,North,
2023-05-06,0.2107838308525655,north_field_l,North,
2023-05-06,0.1842531552261671,north_field_e,North,
2023-05-06,0.1607680965863139,north_field_j,North,
2023-05-06,0.2415980863341077,north_field_b,North,
2023-05-06,0.2901408759145616,north_field_m,North,
2023-05-06,0.167219445532856,north_field_c,North,
2023-05-06,0.2905421062921935,north_field_h,North,
2023-05-06,0.3057718705437554,north_field_f,North,
2023-05-06,0.2557728416107183,north_field_i,North,
2023-05-06,0.2072082333589615,north_field_k,North,
2023-05-06,0.29349529377391,north_field_a,North,
2023-05-06,0.1740854807078913,north_field_d,North,
2023-05-06,0.2502690805670663,north_field_g,North,
2023-05-11,0.2599561511115659,north_field_a,North,
2023-05-11,0.2584132514471362,north_field_f,North,
2023-05-11,0.2506380836397815,north_field_i,North,
2023-05-11,0.2129593146305958,north_field_l,North,
2023-05-11,0.1461237361209247,north_field_c,North,
2023-05-11,0.2438419680336317,north_field_b,North,
2023-05-11,0.1770224932491881,north_field_d,North,
2023-05-11,0.1954264266441418,north_field_k,North,
2023-05-11,0.2778084321341823,north_field_m,North,
2023-05-11,0.1720604551678043,north_field_e,North,
2023-05-11,0.1713482839594037,north_field_j,North,
2023-05-11,0.2444989606492204,north_field_g,North,
2023-05-11,0.2820493318042824,north_field_h,North,
2023-05-26,0.2008081562886471,north_field_e,North,
2023-05-26,0.1655025903321109,north_field_c,North,
2023-05-26,0.2052808302220986,north_field_l,North,
2023-05-26,0.206664967846614,north_field_k,North,
2023-05-26,0.2316328958803303,north_field_b,North,
2023-05-26,0.2410824134996537,north_field_i,North,
2023-05-26,0.2745246266447413,north_field_m,North,
2023-05-26,0.280393951393901,north_field_f,North,
2023-05-26,0.1838266613466286,north_field_d,North,
2023-05-26,0.2797873944608406,north_field_h,North,
2023-05-26,0.1715789298019088,north_field_j,North,
2023-05-26,0.2587400186163256,north_field_a,North,
2023-05-26,0.2312390151154424,north_field_g,North,
2023-06-05,0.2136326138756086,north_field_g,North,
2023-06-05,0.1953729390554313,north_field_k,North,
2023-06-05,0.1575064622382015,north_field_c,North,
2023-06-05,0.166638695567438,north_field_j,North,
2023-06-05,0.1946064718731271,north_field_l,North,
2023-06-05,0.212335162497939,north_field_b,North,
2023-06-05,0.253767177424249,north_field_m,North,
2023-06-05,0.2253944673356677,north_field_i,North,
2023-06-05,0.2027787162631663,north_field_e,North,
2023-06-05,0.2012682362373284,north_field_d,North,
2023-06-05,0.2328967787567626,north_field_a,North,
2023-06-05,0.2570923253489405,north_field_h,North,
2023-06-05,0.2555194486487752,north_field_f,North,
2023-06-10,0.2190350946077766,north_field_b,North,
2023-06-10,0.260318987710257,north_field_m,North,
2023-06-10,0.2585495726709757,north_field_h,North,
2023-06-10,0.2017295646318961,north_field_k,North,
2023-06-10,0.2028724693585797,north_field_l,North,
2023-06-10,0.1992406574965975,north_field_d,North,
2023-06-10,0.2306171220165235,north_field_i,North,
2023-06-10,0.202146213257816,north_field_e,North,
2023-06-10,0.2574906556420612,north_field_f,North,
2023-06-10,0.2191391973023092,north_field_g,North,
2023-06-10,0.2344054393453839,north_field_a,North,
2023-06-10,0.1769315332130875,north_field_j,North,
2023-06-10,0.1662975717983387,north_field_c,North,
2023-06-15,0.2159751148623023,north_field_d,North,
2023-06-15,0.2073895751424211,north_field_l,North,
2023-06-15,0.2319787692674713,north_field_i,North,
2023-06-15,0.227835564808884,north_field_g,North,
2023-06-15,0.2610233357828693,north_field_f,North,
2023-06-15,0.241031230187,north_field_a,North,
2023-06-15,0.2638211906171472,north_field_h,North,
2023-06-15,0.1831832433541396,north_field_j,North,
2023-06-15,0.2272438677585335,north_field_b,North,
2023-06-15,0.2100410624941995,north_field_k,North,
2023-06-15,0.2660233162872807,north_field_m,North,
2023-06-15,0.2123731820072254,north_field_e,North,
2023-06-15,0.2097810770139218,north_field_c,North,
2023-06-20,0.2285609365650142,north_field_i,North,
2023-06-20,0.2275727644530432,north_field_e,North,
2023-06-20,0.2051515869822304,north_field_d,North,
2023-06-20,0.2004948308484586,north_field_c,North,
2023-06-20,0.2529142486691998,north_field_h,North,
2023-06-20,0.2513559908082844,north_field_f,North,
2023-06-20,0.2257817190440247,north_field_b,North,
2023-06-20,0.1847777214480945,north_field_j,North,
2023-06-20,0.2180229183148515,north_field_g,North,
2023-06-20,0.2534604583056674,north_field_m,North,
2023-06-20,0.2021451317798499,north_field_k,North,
2023-06-20,0.2347688105732086,north_field_a,North,
2023-06-20,0.2038415030556502,north_field_l,North,
2023-06-25,0.2204832418561071,north_field_a,North,
2023-06-25,0.2049077438317279,north_field_g,North,
2023-06-25,0.2368223535743107,north_field_f,North,
2023-06-25,0.1966286907353922,north_field_k,North,
2023-06-25,0.1728765044792672,north_field_j,North,
2023-06-25,0.1984926693664409,north_field_e,North,
2023-06-25,0.2124031616079204,north_field_i,North,
2023-06-25,0.2386319181864609,north_field_h,North,
2023-06-25,0.1919184904677,north_field_l,North,
2023-06-25,0.2440150432060779,north_field_m,North,
2023-06-25,0.1801577171220453,north_field_c,North,
2023-06-25,0.2138826127115955,north_field_b,North,
2023-06-25,0.1967614783017352,north_field_d,North,
2023-06-30,0.2486790086175611,north_field_f,North,
2023-06-30,0.1794610737706729,north_field_c,North,
2023-06-30,0.1257343425853736,north_field_d,North,
2023-06-30,0.1971743049635222,north_field_b,North,
2023-06-30,0.2006361396538186,north_field_k,North,
2023-06-30,0.2123709344962562,north_field_i,North,
2023-06-30,0.2047424794687501,north_field_g,North,
2023-06-30,0.1959475988107458,north_field_l,North,
2023-06-30,0.2281364333621055,north_field_a,North,
2023-06-30,0.2270325112731646,north_field_e,North,
2023-06-30,0.2516540852630599,north_field_h,North,
2023-06-30,0.1761222857815815,north_field_j,North,
2023-06-30,0.2517813243484083,north_field_m,North,
2023-07-30,0.1887241943067077,north_field_g,North,
2023-07-30,0.1688446031800939,north_field_b,North,
2023-07-30,0.1724035262188069,north_field_j,North,
2023-07-30,0.1826096033400242,north_field_k,North,
2023-07-30,0.2110674931937341,north_field_f,North,
2023-07-30,0.3795955104113148,north_field_c,North,
2023-07-30,0.2084010167269951,north_field_h,North,
2023-07-30,0.4317099688388791,north_field_d,North,
2023-07-30,0.19650138241022,north_field_i,North,
2023-07-30,0.1858113582811026,north_field_l,North,
2023-07-30,0.1997891429186171,north_field_a,North,
2023-07-30,0.7784694234908078,north_field_e,North,
2023-07-30,0.2213028385656833,north_field_m,North,
2023-08-14,0.172117268999027,north_field_k,North,
2023-08-14,0.1605452532217862,north_field_j,North,
2023-08-14,0.4913248560876404,north_field_d,North,
2023-08-14,0.1744333991534918,north_field_l,North,
2023-08-14,0.8406833076200332,north_field_e,North,
2023-08-14,0.7693770575186031,north_field_c,North,
2023-08-14,0.1846087814228417,north_field_i,North,
2023-08-14,0.1863616817074939,north_field_a,North,
2023-08-14,0.1920495023779782,north_field_h,North,
2023-08-14,0.2058415374024297,north_field_m,North,
2023-08-14,0.1599684813071202,north_field_b,North,
2023-08-14,0.1750524819674667,north_field_g,North,
2023-08-14,0.1951838477201066,north_field_f,North,
2023-08-19,0.1860565090501411,north_field_f,North,
2023-08-19,0.1788484172445633,north_field_a,North,
2023-08-19,0.1668688949094484,north_field_g,North,
2023-08-19,0.1659800280422841,north_field_l,North,
2023-08-19,0.1655073198055301,north_field_k,North,
2023-08-19,0.1505733744918908,north_field_b,North,
2023-08-19,0.1971667022039634,north_field_m,North,
2023-08-19,0.8069716683428283,north_field_c,North,
2023-08-19,0.1533222175460698,north_field_j,North,
2023-08-19,0.4990884436932515,north_field_d,North,
2023-08-19,0.1826952507055344,north_field_h,North,
2023-08-19,0.8429540695049632,north_field_e,North,
2023-08-19,0.1751269106253962,north_field_i,North,
2023-09-03,0.1761451153159508,north_field_l,North,
2023-09-03,0.1628646351373097,north_field_j,North,
2023-09-03,0.188616508471837,north_field_f,North,
2023-09-03,0.1708559258574386,north_field_g,North,
2023-09-03,0.5194253011679415,north_field_d,North,
2023-09-03,0.8148027609548442,north_field_c,North,
2023-09-03,0.1774294206541862,north_field_a,North,
2023-09-03,0.8118086070031681,north_field_e,North,
2023-09-03,0.1958999391282884,north_field_m,North,
2023-09-03,0.1534502942664862,north_field_b,North,
2023-09-03,0.1841859059138424,north_field_i,North,
2023-09-03,0.1863193636676818,north_field_h,North,
2023-09-03,0.170372795696262,north_field_k,North,
2023-09-08,0.7680453456983324,north_field_e,North,
2023-09-08,0.1672243482080216,north_field_g,North,
2023-09-08,0.1777640207886069,north_field_h,North,
2023-09-08,0.1818445539705716,north_field_f,North,
2023-09-08,0.8038517782824142,north_field_c,North,
2023-09-08,0.1562859021415574,north_field_j,North,
2023-09-08,0.1537234666718351,north_field_b,North,
2023-09-08,0.1897740282387937,north_field_m,North,
2023-09-08,0.1621300013404299,north_field_k,North,
2023-09-08,0.1727841643364712,north_field_i,North,
2023-09-08,0.1687335850964899,north_field_l,North,
2023-09-08,0.5153265867784752,north_field_d,North,
2023-09-08,0.1735188804901019,north_field_a,North,
2023-09-23,0.533852595020273,north_field_e,North,
2023-09-23,0.1820698401615398,north_field_f,North,
2023-09-23,0.1604440153875237,north_field_k,North,
2023-09-23,0.1724337283108746,north_field_i,North,
2023-09-23,0.1527138399529804,north_field_b,North,
2023-09-23,0.1796405950395477,north_field_h,North,
2023-09-23,0.167787420584992,north_field_a,North,
2023-09-23,0.1662541902710252,north_field_g,North,
2023-09-23,0.1914847888713623,north_field_m,North,
2023-09-23,0.1722849422064339,north_field_l,North,
2023-09-23,0.7727683613569967,north_field_c,North,
2023-09-23,0.1586119558725885,north_field_j,North,
2023-09-23,0.5068859808162388,north_field_d,North,
2023-10-03,0.195721588422359,north_field_m,North,
2023-10-03,0.174340334636715,north_field_f,North,
2023-10-03,0.7030410011745956,north_field_c,North,
2023-10-03,0.1616896104798816,north_field_a,North,
2023-10-03,0.1726980072584784,north_field_h,North,
2023-10-03,0.1483446593078774,north_field_b,North,
2023-10-03,0.1646482512309467,north_field_i,North,
2023-10-03,0.1554644608774862,north_field_k,North,
2023-10-03,0.412750301343658,north_field_d,North,
2023-10-03,0.1633492755827345,north_field_g,North,
2023-10-03,0.1689072897986988,north_field_l,North,
2023-10-03,0.1555066997888612,north_field_j,North,
2023-10-03,0.2260634845700751,north_field_e,North,
2023-10-08,0.1901711765267466,north_field_e,North,
2023-10-08,0.2330568294972321,north_field_d,North,
2023-10-08,0.5667395114692173,north_field_c,North,
2023-10-08,0.1460059063386291,north_field_j,North,
2023-10-08,0.1767063105089803,north_field_m,North,
2023-10-08,0.1639160210926848,north_field_f,North,
2023-10-08,0.1469802055626728,north_field_a,North,
2023-10-08,0.1328775723109405,north_field_b,North,
2023-10-08,0.1482410255623341,north_field_k,North,
2023-10-08,0.1602896271130623,north_field_h,North,
2023-10-08,0.1594907106145779,north_field_l,North,
2023-10-08,0.1499704334826875,north_field_g,North,
2023-10-08,0.155915798480091,north_field_i,North,
2023-10-28,0.1856076404922982,north_field_e,North,
2023-10-28,0.2091903196272596,north_field_m,North,
2023-10-28,0.2057552734828616,north_field_h,North,
2023-10-28,0.1574875070723511,north_field_b,North,
2023-10-28,0.1579400047441522,north_field_i,North,
2023-10-28,0.2069635325090778,north_field_f,North,
2023-10-28,0.2299693573871019,north_field_d,North,
2023-10-28,0.1526120188401374,north_field_k,North,
2023-10-28,0.1464553715741103,north_field_a,North,
2023-10-28,0.1732250041316051,north_field_c,North,
2023-10-28,0.1712047826926105,north_field_l,North,
2023-10-28,0.1836742337751883,north_field_g,North,
2023-10-28,0.14908870681812,north_field_j,North,
2023-11-12,0.2860088472193338,north_field_d,North,
2023-11-12,0.1575570951766065,north_field_a,North,
2023-11-12,0.2565447406963791,north_field_l,North,
2023-11-12,0.2875261149058806,north_field_m,North,
2023-11-12,0.1619108349352847,north_field_j,North,
2023-11-12,0.1538805762380717,north_field_i,North,
2023-11-12,0.1598488712744006,north_field_b,North,
2023-11-12,0.1830152197515504,north_field_h,North,
2023-11-12,0.175439023996674,north_field_c,North,
2023-11-12,0.1777608767173106,north_field_e,North,
2023-11-12,0.2437999051026775,north_field_k,North,
2023-11-12,0.2251215585585954,north_field_f,North,
2023-11-12,0.251073029775726,north_field_g,North,
2023-11-17,0.2648623684350987,north_field_d,North,
2023-11-17,0.1929716125523915,north_field_a,North,
2023-11-17,0.2009061681647256,north_field_k,North,
2023-11-17,0.1116626929433411,north_field_j,North,
2023-11-17,0.2215849532441393,north_field_g,North,
2023-11-17,0.1698069654072207,north_field_h,North,
2023-11-17,0.2619113859208198,north_field_m,North,
2023-11-17,0.1597851545832503,north_field_e,North,
2023-11-17,0.0783955173326311,north_field_i,North,
2023-11-17,0.160658881057131,north_field_c,North,
2023-11-17,0.1649846605735288,north_field_b,North,
2023-11-17,0.2347387424596185,north_field_l,North,
2023-11-17,0.1949146484073983,north_field_f,North,
2023-11-22,0.150245985749663,north_field_c,North,
2023-11-22,0.1336902363734067,north_field_j,North,
2023-11-22,0.2115197288822974,north_field_b,North,
2023-11-22,0.175651248913656,north_field_f,North,
2023-11-22,0.2050529843654753,north_field_g,North,
2023-11-22,0.1543349390163587,north_field_e,North,
2023-11-22,0.185380502001479,north_field_k,North,
2023-11-22,0.1610113131915595,north_field_h,North,
2023-11-22,0.1969561831864742,north_field_a,North,
2023-11-22,0.2167406451494744,north_field_l,North,
2023-11-22,0.1277443777236586,north_field_i,North,
2023-11-22,0.2328114020714467,north_field_d,North,
2023-11-22,0.2478428899680064,north_field_m,North,
2023-11-27,0.1491320197205963,north_field_a,North,
2023-11-27,0.1938337758441329,north_field_g,North,
2023-11-27,0.1764025384314695,north_field_f,North,
2023-11-27,0.166692167305675,north_field_h,North,
2023-11-27,0.2116419784499077,north_field_l,North,
2023-11-27,0.139768515069524,north_field_i,North,
2023-11-27,0.2300496769967146,north_field_d,North,
2023-11-27,0.1457498035534164,north_field_c,North,
2023-11-27,0.1790614429015438,north_field_k,North,
2023-11-27,0.1504502225855507,north_field_b,North,
2023-11-27,0.2444314688168089,north_field_m,North,
2023-11-27,0.1678706405093772,north_field_e,North,
2023-11-27,0.1380369462101623,north_field_j,North,
2023-12-02,0.2919376766399197,north_field_d,North,
2023-12-02,0.148660852775109,north_field_a,North,
2023-12-02,0.28709845386104,north_field_g,North,
2023-12-02,0.2047198302042409,north_field_e,North,
2023-12-02,0.2748727221230782,north_field_m,North,
2023-12-02,0.2367905511279815,north_field_f,North,
2023-12-02,0.2574553704853572,north_field_l,North,
2023-12-02,0.1588662978664464,north_field_c,North,
2023-12-02,0.1562741688325858,north_field_b,North,
2023-12-02,0.2129068007295346,north_field_h,North,
2023-12-02,0.1392553713700383,north_field_i,North,
2023-12-02,0.2244223480384868,north_field_k,North,
2023-12-02,0.1442138616239192,north_field_j,North,
2024-01-01,0.1772454419144285,north_field_j,North,
2024-01-01,0.6137473744255728,north_field_h,North,
2024-01-01,0.490437003321321,north_field_g,North,
2024-01-01,0.2164290282172211,north_field_d,North,
2024-01-01,0.4487930351444187,north_field_e,North,
2024-01-01,0.5706614229655426,north_field_k,North,
2024-01-01,0.4348420932802927,north_field_f,North,
2024-01-01,0.1355262736463333,north_field_i,North,
2024-01-01,0.2288236532250545,north_field_l,North,
2024-01-01,0.1266325226067748,north_field_b,North,
2024-01-01,0.1555093966428734,north_field_a,North,
2024-01-01,0.3586748506120348,north_field_c,North,
2024-01-01,0.4385779839585715,north_field_m,North,
2024-01-11,0.2955041213019695,north_field_m,North,
2024-01-11,0.5458213979700569,north_field_h,North,
2024-01-11,0.2238140356909068,north_field_l,North,
2024-01-11,0.161004002110408,north_field_i,North,
2024-01-11,0.1622719393362136,north_field_a,North,
2024-01-11,0.3319184478180244,north_field_g,North,
2024-01-11,0.1818006677716274,north_field_b,North,
2024-01-11,0.1875348305593225,north_field_j,North,
2024-01-11,0.7190916124859801,north_field_c,North,
2024-01-11,0.2674911601781475,north_field_e,North,
2024-01-11,0.370657992529151,north_field_f,North,
2024-01-11,0.2762140793254702,north_field_d,North,
2024-01-11,0.3311272762955055,north_field_k,North,
2024-02-05,0.1363852350637239,north_field_i,North,
2024-02-05,0.2456461200766043,north_field_k,North,
2024-02-05,0.0864488536160492,north_field_a,North,
2024-02-05,0.2828131707712257,north_field_l,North,
2024-02-05,0.1562881070346109,north_field_e,North,
2024-02-05,0.0866690285810035,north_field_b,North,
2024-02-05,0.1168997912244545,north_field_d,North,
2024-02-05,0.1866707576618221,north_field_m,North,
2024-02-05,0.1816211675532661,north_field_f,North,
2024-02-05,0.1453216075958592,north_field_j,North,
2024-02-05,0.2792861040220259,north_field_g,North,
2024-02-05,0.1278430201584833,north_field_c,North,
2024-02-05,0.3502267846297214,north_field_h,North,
2024-02-15,0.2702707988707089,north_field_g,North,
2024-02-15,0.1440383119813838,north_field_i,North,
2024-02-15,0.1802382559163619,north_field_e,North,
2024-02-15,0.3261386002250266,north_field_f,North,
2024-02-15,0.3824920806758168,north_field_h,North,
2024-02-15,0.1479681259099,north_field_j,North,
2024-02-15,0.1847469426532872,north_field_d,North,
2024-02-15,0.1341338033463909,north_field_b,North,
2024-02-15,0.1986957008356978,north_field_m,North,
2024-02-15,0.1451018753624244,north_field_a,North,
2024-02-15,0.2422134306652411,north_field_k,North,
2024-02-15,0.3052419833119575,north_field_l,North,
2024-02-15,0.1721493997329493,north_field_c,North,
2024-02-25,0.1747806314221571,north_field_k,North,
2024-02-25,0.1172564711857743,north_field_b,North,
2024-02-25,0.1422066781118775,north_field_a,North,
2024-02-25,0.228376992038047,north_field_g,North,
2024-02-25,0.2378413917398593,north_field_f,North,
2024-02-25,0.1486609088880343,north_field_j,North,
2024-02-25,0.2052906008354061,north_field_l,North,
2024-02-25,0.1330737120238358,north_field_i,North,
2024-02-25,0.1786392591713308,north_field_e,North,
2024-02-25,0.1707567338944338,north_field_d,North,
2024-02-25,0.1561869625616362,north_field_c,North,
2024-02-25,0.2536994753843613,north_field_h,North,
2024-02-25,0.1778222728893298,north_field_m,North,
2024-03-11,0.1515535200197753,north_field_h,North,
2024-03-11,0.1435144412870412,north_field_g,North,
2024-03-11,0.1711798442063223,north_field_f,North,
2024-03-11,0.1781229069198107,north_field_l,North,
2024-03-11,0.1672966787782552,north_field_j,North,
2024-03-11,0.131669646352024,north_field_i,North,
2024-03-11,0.1794777382500614,north_field_m,North,
2024-03-11,0.0496619645758269,north_field_e,North,
2024-03-11,0.0745743625973739,north_field_b,North,
2024-03-11,0.1886221885032035,north_field_k,North,
2024-03-11,0.0760724040021113,north_field_c,North,
2024-03-11,0.1001758381876585,north_field_a,North,
2024-03-11,0.1549876197057535,north_field_d,North,
2024-03-16,0.1433985383379865,north_field_c,North,
2024-03-16,0.1766221161905872,north_field_j,North,
2024-03-16,0.1667947611381612,north_field_k,North,
2024-03-16,0.166948173322377,north_field_e,North,
2024-03-16,0.1745734888191554,north_field_m,North,
2024-03-16,0.1415471652704134,north_field_h,North,
2024-03-16,0.1321796791165405,north_field_b,North,
2024-03-16,0.1424987787866906,north_field_f,North,
2024-03-16,0.1331797807285655,north_field_i,North,
2024-03-16,0.165997881849178,north_field_l,North,
2024-03-16,0.1630039512997361,north_field_d,North,
2024-03-16,0.1223938979659612,north_field_a,North,
2024-03-16,0.1509537843052677,north_field_g,North,
2024-04-10,0.2397573633102025,north_field_d,North,
2024-04-10,0.1986566012556839,north_field_k,North,
2024-04-10,0.1772970605743496,north_field_i,North,
2024-04-10,0.1965146568855033,north_field_h,North,
2024-04-10,0.2296785252111824,north_field_m,North,
2024-04-10,0.3414314321061319,north_field_l,North,
2024-04-10,0.1708133936874158,north_field_c,North,
2024-04-10,0.1950126000969971,north_field_j,North,
2024-04-10,0.4664295134940869,north_field_g,North,
2024-04-10,0.4357265852317787,north_field_a,North,
2024-04-10,0.2594412992395418,north_field_e,North,
2024-04-10,0.3381394397865305,north_field_b,North,
2024-04-10,0.2039865339198706,north_field_f,North,
2024-04-20,0.1736800856840603,north_field_m,North,
2024-04-20,0.3893941474867443,north_field_k,North,
2024-04-20,0.266657000046271,north_field_e,North,
2024-04-20,0.780232402042982,north_field_l,North,
2024-04-20,0.1670728536188766,north_field_i,North,
2024-04-20,0.7750052659929535,north_field_g,North,
2024-04-20,0.1390822090119991,north_field_j,North,
2024-04-20,0.4395288392492805,north_field_h,North,
2024-04-20,0.1461152995977298,north_field_f,North,
2024-04-20,0.6476552422598549,north_field_a,North,
2024-04-20,0.1768522338788894,north_field_c,North,
2024-04-20,0.3703821882987903,north_field_b,North,
2024-04-20,0.2346895895567096,north_field_d,North,
2024-04-25,0.2846846893404602,north_field_d,North,
2024-04-25,0.5991066873094923,north_field_h,North,
2024-04-25,0.8431508588310911,north_field_l,North,
2024-04-25,0.1706658483413644,north_field_m,North,
2024-04-25,0.2346847690980429,north_field_c,North,
2024-04-25,0.4246890773588354,north_field_b,North,
2024-04-25,0.3461329926898653,north_field_e,North,
2024-04-25,0.1390377678485566,north_field_j,North,
2024-04-25,0.746254289908088,north_field_a,North,
2024-04-25,0.1489820155537305,north_field_f,North,
2024-04-25,0.5966451200912396,north_field_k,North,
2024-04-25,0.8039403983002524,north_field_g,North,
2024-04-25,0.1645038188813944,north_field_i,North,
2024-04-30,0.8050188202965171,north_field_a,North,
2024-04-30,0.3123483926423154,north_field_c,North,
2024-04-30,0.8789662873376708,north_field_l,North,
2024-04-30,0.791748655531654,north_field_h,North,
2024-04-30,0.1717360391361932,north_field_f,North,
2024-04-30,0.1642105749051169,north_field_j,North,
2024-04-30,0.2259598030027776,north_field_i,North,
2024-04-30,0.3571088665977922,north_field_d,North,
2024-04-30,0.7683782552219728,north_field_k,North,
2024-04-30,0.3928327062320185,north_field_e,North,
2024-04-30,0.2041843208066262,north_field_m,North,
2024-04-30,0.5089714638156889,north_field_b,North,
2024-04-30,0.8515322676179276,north_field_g,North,
2024-05-05,0.4467162989097004,north_field_e,North,
2024-05-05,0.2720945975149719,north_field_f,North,
2024-05-05,0.5621247454028712,north_field_b,North,
2024-05-05,0.3147454972954926,north_field_i,North,
2024-05-05,0.37287120271514,north_field_c,North,
2024-05-05,0.9011137451033112,north_field_l,North,
2024-05-05,0.335519582474269,north_field_m,North,
2024-05-05,0.3598140584718355,north_field_d,North,
2024-05-05,0.228294012880383,north_field_j,North,
2024-05-05,0.8507901990569332,north_field_k,North,
2024-05-05,0.8250187748728008,north_field_a,North,
2024-05-05,0.8524368844550125,north_field_g,North,
2024-05-05,0.8535672945445608,north_field_h,North,
2024-05-10,0.5123259279048838,north_field_e,North,
2024-05-10,0.8657775294424217,north_field_k,North,
2024-05-10,0.8004029737055378,north_field_a,North,
2024-05-10,0.5997517251282639,north_field_b,North,
2024-05-10,0.58220154532896,north_field_m,North,
2024-05-10,0.3182410986660245,north_field_j,North,
2024-05-10,0.872891961309329,north_field_h,North,
2024-05-10,0.4276701589245583,north_field_d,North,
2024-05-10,0.8995036975914686,north_field_l,North,
2024-05-10,0.3786760480141668,north_field_i,North,
2024-05-10,0.849056425493568,north_field_g,North,
2024-05-10,0.4058383419274739,north_field_f,North,
2024-05-10,0.5398769424140474,north_field_c,North,
2024-05-20,0.7173285890932034,north_field_c,North,
2024-05-20,0.6489483540657617,north_field_j,North,
2024-05-20,0.6524275351607751,north_field_e,North,
2024-05-20,0.6042113436497493,north_field_i,North,
2024-05-20,0.8541597811974235,north_field_l,North,
2024-05-20,0.8574187545264798,north_field_k,North,
2024-05-20,0.7367505919022876,north_field_f,North,
2024-05-20,0.8169674227559519,north_field_g,North,
2024-05-20,0.8550558860257461,north_field_h,North,
2024-05-20,0.5382067780467052,north_field_d,North,
2024-05-20,0.6517131332923455,north_field_b,North,
2024-05-20,0.8436735503948241,north_field_m,North,
2024-05-20,0.7574161962276047,north_field_a,North,
2024-05-25,0.844698093771261,north_field_l,North,
2024-05-25,0.6953027406715331,north_field_b,North,
2024-05-25,0.7164591836181755,north_field_a,North,
2024-05-25,0.7736361741866239,north_field_j,North,
2024-05-25,0.8226498054866368,north_field_g,North,
2024-05-25,0.6570241706360553,north_field_i,North,
2024-05-25,0.8318968456337931,north_field_f,North,
2024-05-25,0.7701256468370109,north_field_c,North,
2024-05-25,0.8741471820472718,north_field_h,North,
2024-05-25,0.8726223530820296,north_field_m,North,
2024-05-25,0.5954750252590972,north_field_d,North,
2024-05-25,0.7108004080638335,north_field_e,North,
2024-05-25,0.8611507160391271,north_field_k,North,
2024-05-30,0.890147864102026,north_field_m,North,
2024-05-30,0.8478220070023104,north_field_f,North,
2024-05-30,0.8148821328194511,north_field_l,North,
2024-05-30,0.7891274588803718,north_field_c,North,
2024-05-30,0.861371762165853,north_field_h,North,
2024-05-30,0.7320908116525084,north_field_b,North,
2024-05-30,0.7068506021243158,north_field_i,North,
2024-05-30,0.6358899547741445,north_field_d,North,
2024-05-30,0.6962477112692252,north_field_a,North,
2024-05-30,0.8026929417628833,north_field_g,North,
2024-05-30,0.7314882792651776,north_field_e,North,
2024-05-30,0.8060894141487968,north_field_j,North,
2024-05-30,0.8400354483433387,north_field_k,North,
2024-06-04,0.8560375680629424,north_field_k,North,
2024-06-04,0.6662231964221513,north_field_i,North,
2024-06-04,0.8526502099033874,north_field_f,North,
2024-06-04,0.8173419008845719,north_field_c,North,
2024-06-04,0.7903728399386102,north_field_j,North,
2024-06-04,0.816991661885424,north_field_l,North,
2024-06-04,0.9006056306783958,north_field_m,North,
2024-06-04,0.8667907028568395,north_field_h,North,
2024-06-04,0.7444521416760501,north_field_b,North,
2024-06-04,0.7908482121326907,north_field_g,North,
2024-06-04,0.6595251260937184,north_field_a,North,
2024-06-04,0.667887510008515,north_field_d,North,
2024-06-04,0.7455741719640844,north_field_e,North,
2024-06-09,0.6280198017055488,north_field_d,North,
2024-06-09,0.7546216577796574,north_field_g,North,
2024-06-09,0.6052042866506828,north_field_m,North,
2024-06-09,0.7588460015928457,north_field_l,North,
2024-06-09,0.4226311870297505,north_field_b,North,
2024-06-09,0.1886951479051666,north_field_a,North,
2024-06-09,0.768038982183754,north_field_j,North,
2024-06-09,0.6623488407094625,north_field_e,North,
2024-06-09,0.7958588803392278,north_field_k,North,
2024-06-09,0.8273065890780897,north_field_h,North,
2024-06-09,0.4254791777611481,north_field_c,North,
2024-06-09,0.8321996131315437,north_field_f,North,
2024-06-09,0.5608535230933729,north_field_i,North,
2024-06-14,0.704044170570766,north_field_b,North,
2024-06-14,0.4376136062308077,north_field_a,North,
2024-06-14,0.8572556495325625,north_field_m,North,
2024-06-14,0.7868606070073363,north_field_h,North,
2024-06-14,0.6864362354588919,north_field_g,North,
2024-06-14,0.809219686133365,north_field_f,North,
2024-06-14,0.7256662749863573,north_field_l,North,
2024-06-14,0.7074121721667138,north_field_c,North,
2024-06-14,0.5907526335181095,north_field_e,North,
2024-06-14,0.580591064752612,north_field_d,North,
2024-06-14,0.4997650810563931,north_field_i,North,
2024-06-14,0.7698547837073005,north_field_k,North,
2024-06-14,0.7625160365351267,north_field_j,North,
2024-06-19,0.598957634613721,north_field_e,North,
2024-06-19,0.7196958326523197,north_field_c,North,
2024-06-19,0.408863561552063,north_field_a,North,
2024-06-19,0.8261008107804403,north_field_f,North,
2024-06-19,0.7186341424196732,north_field_b,North,
2024-06-19,0.8746836599591554,north_field_m,North,
2024-06-19,0.5968830759505674,north_field_d,North,
2024-06-19,0.6904340931249029,north_field_g,North,
2024-06-19,0.7994497388482021,north_field_h,North,
2024-06-19,0.3878078294395519,north_field_i,North,
2024-06-19,0.7647053258489502,north_field_k,North,
2024-06-19,0.7890894713963672,north_field_j,North,
2024-06-19,0.7079592141009566,north_field_l,North,
2024-06-24,0.2632282979451721,north_field_i,North,
2024-06-24,0.3759999263593968,north_field_e,North,
2024-06-24,0.6938494382815322,north_field_c,North,
2024-06-24,0.3632576633915933,north_field_a,North,
2024-06-24,0.8149345599739405,north_field_f,North,
2024-06-24,0.3474231534745535,north_field_m,North,
2024-06-24,0.6456512784725185,north_field_b,North,
2024-06-24,0.2262815476901103,north_field_l,North,
2024-06-24,0.6807404513857892,north_field_j,North,
2024-06-24,0.5541671557677144,north_field_g,North,
2024-06-24,0.7148378338588126,north_field_k,North,
2024-06-24,0.7071727657753004,north_field_h,North,
2024-06-24,0.4867839777014784,north_field_d,North,
2024-06-29,0.6233723196853544,north_field_e,North,
2024-06-29,0.2353675959990177,north_field_i,North,
2024-06-29,0.7078433351629115,north_field_c,North,
2024-06-29,0.3543227231686203,north_field_a,North,
2024-06-29,0.6141865182815379,north_field_g,North,
2024-06-29,0.7804878922946986,north_field_j,North,
2024-06-29,0.8228695877173462,north_field_f,North,
2024-06-29,0.7608659552192251,north_field_h,North,
2024-06-29,0.5625040971588018,north_field_d,North,
2024-06-29,0.8615062470989918,north_field_m,North,
2024-06-29,0.3416141735053396,north_field_b,North,
2024-06-29,0.6600394573070054,north_field_l,North,
2024-06-29,0.7267953826375684,north_field_k,North,
2024-07-04,0.6803321838134581,north_field_k,North,
2024-07-04,0.6658882028295057,north_field_h,North,
2024-07-04,0.5789806480851313,north_field_e,North,
2024-07-04,0.2400578568378701,north_field_b,North,
2024-07-04,0.4940082849941933,north_field_g,North,
2024-07-04,0.6666545305852908,north_field_c,North,
2024-07-04,0.3144331140690652,north_field_a,North,
2024-07-04,0.8450954087456691,north_field_m,North,
2024-07-04,0.5861724108626661,north_field_l,North,
2024-07-04,0.7232924974983697,north_field_j,North,
2024-07-04,0.5053049287587863,north_field_d,North,
2024-07-04,0.7816973017170613,north_field_f,North,
2024-07-04,0.2097524517479533,north_field_i,North,
2024-07-14,0.3201597048211,north_field_c,North,
2024-07-14,0.4275350337480594,north_field_k,North,
2024-07-14,0.3549716094006028,north_field_f,North,
2024-07-14,0.2694356306163862,north_field_h,North,
2024-07-14,0.2548371745488079,north_field_a,North,
2024-07-14,0.5127981875744023,north_field_m,North,
2024-07-14,0.3978275050104486,north_field_e,North,
2024-07-14,0.2278122639356303,north_field_b,North,
2024-07-14,0.1940141594096527,north_field_i,North,
2024-07-14,0.6096318904449737,north_field_j,North,
2024-07-14,0.3041818028561128,north_field_l,North,
2024-07-14,0.2521869665770857,north_field_g,North,
2024-07-14,0.3317661159773396,north_field_d,North,
2024-07-19,0.346214701763577,north_field_k,North,
2024-07-19,0.1955560308608998,north_field_i,North,
2024-07-19,0.2568834815305231,north_field_l,North,
2024-07-19,0.2841697496920375,north_field_c,North,
2024-07-19,0.2189896040619624,north_field_g,North,
2024-07-19,0.2236113313942076,north_field_h,North,
2024-07-19,0.2147936183742564,north_field_b,North,
2024-07-19,0.2950175304060302,north_field_d,North,
2024-07-19,0.4126141841420246,north_field_m,North,
2024-07-19,0.3619352505249618,north_field_e,North,
2024-07-19,0.2551254232690466,north_field_f,North,
2024-07-19,0.5378784973257487,north_field_j,North,
2024-07-19,0.2383913560133263,north_field_a,North,
2024-07-24,0.2358994744821475,north_field_l,North,
2024-07-24,0.1879129403413601,north_field_g,North,
2024-07-24,0.2535707058220335,north_field_c,North,
2024-07-24,0.3262896551166781,north_field_e,North,
2024-07-24,0.2215598736180993,north_field_f,North,
2024-07-24,0.2084266216191675,north_field_h,North,
2024-07-24,0.1966002861488028,north_field_b,North,
2024-07-24,0.4271325879299246,north_field_j,North,
2024-07-24,0.2870385970238813,north_field_k,North,
2024-07-24,0.1876031926479696,north_field_i,North,
2024-07-24,0.3631646064462288,north_field_m,North,
2024-07-24,0.2702442075430636,north_field_d,North,
2024-07-24,0.2271499952184433,north_field_a,North,
2024-07-29,0.2341100600935286,north_field_l,North,
2024-07-29,0.3466445819431179,north_field_m,North,
2024-07-29,0.1892060651101633,north_field_g,North,
2024-07-29,0.2576592824722001,north_field_c,North,
2024-07-29,0.2769771453583523,north_field_d,North,
2024-07-29,0.2300340444960571,north_field_a,North,
2024-07-29,0.1921540698075092,north_field_i,North,
2024-07-29,0.2051697383556485,north_field_b,North,
2024-07-29,0.3595074872486729,north_field_j,North,
2024-07-29,0.2138646016096024,north_field_f,North,
2024-07-29,0.2021190464709267,north_field_h,North,
2024-07-29,0.2655260447840251,north_field_k,North,
2024-07-29,0.3244597618719254,north_field_e,North,
2024-08-03,0.2287997628086432,north_field_a,North,
2024-08-03,0.3012606881397143,north_field_j,North,
2024-08-03,0.2630436691940887,north_field_d,North,
2024-08-03,0.3177941099178821,north_field_m,North,
2024-08-03,0.1845049269808148,north_field_g,North,
2024-08-03,0.255082165005354,north_field_k,North,
2024-08-03,0.250100883106248,north_field_c,North,
2024-08-03,0.1865411702889141,north_field_b,North,
2024-08-03,0.1906067447254887,north_field_i,North,
2024-08-03,0.304821314238248,north_field_e,North,
2024-08-03,0.2227726114841927,north_field_l,North,
2024-08-03,0.1898690439836677,north_field_f,North,
2024-08-03,0.1907903689488613,north_field_h,North,
2024-08-08,0.1815657946755612,north_field_b,North,
2024-08-08,0.1848508028464717,north_field_i,North,
2024-08-08,0.2556380953170779,north_field_d,North,
2024-08-08,0.2181780028681536,north_field_a,North,
2024-08-08,0.1842211940393611,north_field_h,North,
2024-08-08,0.211943354380238,north_field_j,North,
2024-08-08,0.1820723070601548,north_field_f,North,
2024-08-08,0.2174211182818239,north_field_l,North,
2024-08-08,0.1771187358283465,north_field_g,North,
2024-08-08,0.2831446108971688,north_field_e,North,
2024-08-08,0.2400490357094074,north_field_k,North,
2024-08-08,0.2858526901611775,north_field_m,North,
2024-08-08,0.2443529296738438,north_field_c,North,
2024-08-18,0.1775044984459885,north_field_f,North,
2024-08-18,0.2084469546221126,north_field_a,North,
2024-08-18,0.2443556801554176,north_field_d,North,
2024-08-18,0.1811775355813693,north_field_i,North,
2024-08-18,0.2549686564659107,north_field_e,North,
2024-08-18,0.2100444279991553,north_field_k,North,
2024-08-18,0.2573200300802124,north_field_m,North,
2024-08-18,0.173028293816247,north_field_g,North,
2024-08-18,0.2136923942066753,north_field_l,North,
2024-08-18,0.1939054166891511,north_field_j,North,
2024-08-18,0.1819839666068002,north_field_h,North,
2024-08-18,0.2416049875140779,north_field_c,North,
2024-08-18,0.1805594715490903,north_field_b,North,
2024-08-28,0.1791901040729988,north_field_j,North,
2024-08-28,0.1972501149158072,north_field_k,North,
2024-08-28,0.2450851651681824,north_field_e,North,
2024-08-28,0.1731916609189797,north_field_g,North,
2024-08-28,0.1808911398672523,north_field_b,North,
2024-08-28,0.2379058849073143,north_field_c,North,
2024-08-28,0.212662335010152,north_field_l,North,
2024-08-28,0.1768509793613737,north_field_f,North,
2024-08-28,0.2391112443571431,north_field_d,North,
2024-08-28,0.1816682430063752,north_field_i,North,
2024-08-28,0.1820918139289654,north_field_h,North,
2024-08-28,0.2069198569712843,north_field_a,North,
2024-08-28,0.2163495131269238,north_field_m,North,
2024-09-02,0.2134566463327659,north_field_l,North,
2024-09-02,0.1708663017721911,north_field_g,North,
2024-09-02,0.2403908560504664,north_field_d,North,
2024-09-02,0.1761572913296122,north_field_j,North,
2024-09-02,0.1786980546892546,north_field_b,North,
2024-09-02,0.2475522350384645,north_field_e,North,
2024-09-02,0.2020743818276352,north_field_a,North,
2024-09-02,0.1933771290656297,north_field_k,North,
2024-09-02,0.1767795482593868,north_field_i,North,
2024-09-02,0.215805600512909,north_field_m,North,
2024-09-02,0.2391908734573933,north_field_c,North,
2024-09-02,0.1790665667329953,north_field_h,North,
2024-09-02,0.1739194739063217,north_field_f,North,
2024-09-07,0.1667835104265925,north_field_f,North,
2024-09-07,0.205354721213773,north_field_m,North,
2024-09-07,0.2053160945882281,north_field_l,North,
2024-09-07,0.1701483737388782,north_field_h,North,
2024-09-07,0.1873654444808591,north_field_a,North,
2024-09-07,0.1685829022315078,north_field_i,North,
2024-09-07,0.2358354743272715,north_field_e,North,
2024-09-07,0.2325678306388585,north_field_d,North,
2024-09-07,0.2269007220226435,north_field_c,North,
2024-09-07,0.1652314892077744,north_field_j,North,
2024-09-07,0.1850736821303391,north_field_k,North,
2024-09-07,0.1674217888492668,north_field_b,North,
2024-09-07,0.1618710316751923,north_field_g,North,
2024-09-12,0.2275373669596763,north_field_c,North,
2024-09-12,0.1812872200342079,north_field_k,North,
2024-09-12,0.199890438338155,north_field_l,North,
2024-09-12,0.1677080232772054,north_field_b,North,
2024-09-12,0.1659909477396312,north_field_f,North,
2024-09-12,0.2007520097438188,north_field_m,North,
2024-09-12,0.1893185130953961,north_field_a,North,
2024-09-12,0.2316947132847303,north_field_d,North,
2024-09-12,0.1603246561540169,north_field_j,North,
2024-09-12,0.2365728244826319,north_field_e,North,
2024-09-12,0.1659132169854219,north_field_i,North,
2024-09-12,0.169330651238252,north_field_h,North,
2024-09-12,0.1611382782733237,north_field_g,North,
2024-09-17,0.1770543816094987,north_field_l,North,
2024-09-17,0.160194525473486,north_field_h,North,
2024-09-17,0.1847115025159463,north_field_m,North,
2024-09-17,0.149964893956746,north_field_j,North,
2024-09-17,0.1579861809914196,north_field_k,North,
2024-09-17,0.1689684851745852,north_field_i,North,
2024-09-17,0.1523455810312814,north_field_g,North,
2024-09-17,0.2176590466817532,north_field_c,North,
2024-09-17,0.1605826755403894,north_field_f,North,
2024-09-17,0.1750673588730104,north_field_a,North,
2024-09-17,0.2222718908087045,north_field_e,North,
2024-09-17,0.154895360900641,north_field_b,North,
2024-09-17,0.2154533000124045,north_field_d,North,
2024-09-27,0.1861389478052435,north_field_k,North,
2024-09-27,0.1733293871864751,north_field_f,North,
2024-09-27,0.1766987826439918,north_field_a,North,
2024-09-27,0.2016204292902347,north_field_m,North,
2024-09-27,0.1757378576842851,north_field_h,North,
2024-09-27,0.2148826016586616,north_field_c,North,
2024-09-27,0.1675430306780737,north_field_i,North,
2024-09-27,0.238249286133199,north_field_e,North,
2024-09-27,0.2322689135892938,north_field_d,North,
2024-09-27,0.1548080511148648,north_field_j,North,
2024-09-27,0.1672443332795378,north_field_g,North,
2024-09-27,0.1715147579902569,north_field_b,North,
2024-09-27,0.2003933745633058,north_field_l,North,
2024-10-07,0.1677023600044805,north_field_h,North,
2024-10-07,0.195885730980772,north_field_m,North,
2024-10-07,0.1693251177321776,north_field_a,North,
2024-10-07,0.1610741764299936,north_field_i,North,
2024-10-07,0.1741729601575063,north_field_b,North,
2024-10-07,0.2382835264125082,north_field_e,North,
2024-10-07,0.2261292361885161,north_field_d,North,
2024-10-07,0.2073505522451247,north_field_l,North,
2024-10-07,0.1693421557818742,north_field_f,North,
2024-10-07,0.1998068136992587,north_field_k,North,
2024-10-07,0.2129867872075133,north_field_c,North,
2024-10-07,0.1613814142500602,north_field_g,North,
2024-10-07,0.1489495483681989,north_field_j,North,
2024-10-12,0.187013774582884,north_field_m,North,
2024-10-12,0.1971478550723563,north_field_c,North,
2024-10-12,0.1553812123621661,north_field_a,North,
2024-10-12,0.1621991947824984,north_field_i,North,
2024-10-12,0.1633864323335042,north_field_b,North,
2024-10-12,0.1878759822503112,north_field_k,North,
2024-10-12,0.2084154561662441,north_field_l,North,
2024-10-12,0.1503530318930176,north_field_g,North,
2024-10-12,0.1613447538371464,north_field_f,North,
2024-10-12,0.2117956044362909,north_field_d,North,
2024-10-12,0.1409277230857835,north_field_j,North,
2024-10-12,0.2254062013162368,north_field_e,North,
2024-10-12,0.1585746406201922,north_field_h,North,
2024-10-17,0.1517580987947701,north_field_g,North,
2024-10-17,0.2312994977584436,north_field_l,North,
2024-10-17,0.1982932512559025,north_field_c,North,
2024-10-17,0.1637965982153232,north_field_a,North,
2024-10-17,0.1951953204819529,north_field_k,North,
2024-10-17,0.1176128898164853,north_field_f,North,
2024-10-17,0.1976625239373506,north_field_m,North,
2024-10-17,0.1652050063316946,north_field_i,North,
2024-10-17,0.2195082426375688,north_field_d,North,
2024-10-17,0.1528759459233435,north_field_j,North,
2024-10-17,0.1617422194641621,north_field_h,North,
2024-10-17,0.2396880252436936,north_field_e,North,
2024-10-17,0.1698400684875844,north_field_b,North,
2024-10-27,0.1907383271553426,north_field_c,North,
2024-10-27,0.2444831031517679,north_field_e,North,
2024-10-27,0.1221866129982931,north_field_j,North,
2024-10-27,0.1897902584635237,north_field_k,North,
2024-10-27,0.1505145504045039,north_field_f,North,
2024-10-27,0.2131574997058874,north_field_d,North,
2024-10-27,0.1497450518239862,north_field_a,North,
2024-10-27,0.1513138938329015,north_field_h,North,
2024-10-27,0.3555549567259034,north_field_l,North,
2024-10-27,0.1384503781626967,north_field_g,North,
2024-10-27,0.1622811978343742,north_field_b,North,
2024-10-27,0.1644024110999685,north_field_m,North,
2024-10-27,0.2228806571789804,north_field_i,North,
2024-11-01,0.2384093875955843,north_field_l,North,
2024-11-01,0.1324394369556601,north_field_c,North,
2024-11-01,0.1843857874478777,north_field_e,North,
2024-11-01,0.1284349330863982,north_field_m,North,
2024-11-01,0.0870867775607771,north_field_j,North,
2024-11-01,0.162091952566783,north_field_h,North,
2024-11-01,0.1766195767640124,north_field_i,North,
2024-11-01,0.170101579892448,north_field_f,North,
2024-11-01,0.1587981575987901,north_field_b,North,
2024-11-01,0.142014332157294,north_field_g,North,
2024-11-01,0.1987702752309328,north_field_d,North,
2024-11-01,0.1358937883023556,north_field_a,North,
2024-11-01,0.116844033855583,north_field_k,North,
2024-11-16,0.4303601744755845,north_field_f,North,
2024-11-16,0.3143546337434785,north_field_h,North,
2024-11-16,0.5402537120454665,north_field_i,North,
2024-11-16,0.3382237500082743,north_field_e,North,
2024-11-16,0.7146327084904388,north_field_l,North,
2024-11-16,0.524488045938492,north_field_b,North,
2024-11-16,0.3704343076576463,north_field_k,North,
2024-11-16,0.2400861428637135,north_field_g,North,
2024-11-16,0.3024272592235756,north_field_a,North,
2024-11-16,0.1967118645332457,north_field_m,North,
2024-11-16,0.1377889630261869,north_field_j,North,
2024-11-16,0.2792460411188929,north_field_d,North,
2024-11-16,0.4145269767442655,north_field_c,North,
2024-11-21,0.5536941056433667,north_field_c,North,
2024-11-21,0.279018302487281,north_field_m,North,
2024-11-21,0.3199689496565095,north_field_h,North,
2024-11-21,0.4832477327835983,north_field_i,North,
2024-11-21,0.3077149623868344,north_field_d,North,
2024-11-21,0.1457909309073707,north_field_j,North,
2024-11-21,0.3342987920580299,north_field_e,North,
2024-11-21,0.7636373972197767,north_field_l,North,
2024-11-21,0.2814002124974738,north_field_g,North,
2024-11-21,0.426781262180967,north_field_a,North,
2024-11-21,0.3708539333706395,north_field_f,North,
2024-11-21,0.479806350513804,north_field_b,North,
2024-11-21,0.596066243308842,north_field_k,North,
2024-11-26,0.2951734630892162,north_field_d,North,
2024-11-26,0.1481353967082305,north_field_j,North,
2024-11-26,0.6893717889383122,north_field_k,North,
2024-11-26,0.4200120756216868,north_field_b,North,
2024-11-26,0.425131773327248,north_field_i,North,
2024-11-26,0.7351071275101805,north_field_l,North,
2024-11-26,0.1106375666715553,north_field_h,North,
2024-11-26,0.2360696872950965,north_field_m,North,
2024-11-26,0.3469574139802543,north_field_a,North,
2024-11-26,0.3142780483773235,north_field_e,North,
2024-11-26,0.4760146648850769,north_field_c,North,
2024-11-26,0.2643501635010216,north_field_f,North,
2024-11-26,0.311320869826345,north_field_g,North,
2024-12-01,0.4081325253760172,north_field_i,North,
2024-12-01,0.4620590810244774,north_field_b,North,
2024-12-01,0.5844244565944788,north_field_l,North,
2024-12-01,0.3322521666392421,north_field_e,North,
2024-12-01,0.3925752003313193,north_field_h,North,
2024-12-01,0.4052004996738734,north_field_g,North,
2024-12-01,0.3927060075758756,north_field_a,North,
2024-12-01,0.4689530352566516,north_field_c,North,
2024-12-01,0.3397422881118511,north_field_d,North,
2024-12-01,0.3286547824107373,north_field_m,North,
2024-12-01,0.6954572124109418,north_field_k,North,
2024-12-01,0.4153049573970532,north_field_f,North,
2024-12-01,0.1761157578877879,north_field_j,North,
2024-12-06,0.3050784546319521,north_field_d,North,
2024-12-06,0.383498444400967,north_field_f,North,
2024-12-06,0.3017443161161322,north_field_e,North,
2024-12-06,0.6981039621943377,north_field_k,North,
2024-12-06,0.3990299106453329,north_field_b,North,
2024-12-06,0.3240516970640124,north_field_a,North,
2024-12-06,0.3689485129196205,north_field_i,North,
2024-12-06,0.4106254177921599,north_field_g,North,
2024-12-06,0.1884657429897228,north_field_j,North,
2024-12-06,0.3824832761343436,north_field_m,North,
2024-12-06,0.28449197623141,north_field_l,North,
2024-12-06,0.3871587664981242,north_field_c,North,
2024-12-06,0.3586718473769999,north_field_h,North,
2024-12-11,0.3889300992055403,north_field_b,North,
2024-12-11,0.386167448254556,north_field_b,North,
2024-12-11,0.3086309803629606,north_field_e,North,
2024-12-11,0.2040413473905237,north_field_l,North,
2024-12-11,0.3091994463139429,north_field_e,North,
2024-12-11,0.2030023502552055,north_field_l,North,
2024-12-11,0.2426192521968511,north_field_j,North,
2024-12-11,0.2412577785829663,north_field_j,North,
2024-12-11,0.4511271931358652,north_field_g,North,
2024-12-11,0.4520490821714571,north_field_g,North,
2024-12-11,0.4125385953259146,north_field_f,North,
2024-12-11,0.3487348527361473,north_field_c,North,
2024-12-11,0.4157317162976,north_field_f,North,
2024-12-11,0.3466402598205352,north_field_i,North,
2024-12-11,0.3101861718599424,north_field_a,North,
2024-12-11,0.3103197727047559,north_field_a,North,
2024-12-11,0.4497443769938904,north_field_m,North,
2024-12-11,0.4534664532983522,north_field_m,North,
2024-12-11,0.736639078743268,north_field_k,North,
2024-12-11,0.3518542665434867,north_field_c,North,
2024-12-11,0.3809333392549652,north_field_h,North,
2024-12-11,0.3468405709033381,north_field_i,North,
2024-12-11,0.7373765719289262,north_field_k,North,
2024-12-11,0.3815394187591039,north_field_h,North,
2024-12-11,0.3044222246417257,north_field_d,North,
2024-12-11,0.3040922662925098,north_field_d,North,
2024-12-16,0.3057111612325963,north_field_c,North,
2024-12-16,0.4026743009180031,north_field_f,North,
2024-12-16,0.2915157580039996,north_field_a,North,
2024-12-16,0.3001053064757996,north_field_e,North,
2024-12-16,0.3278106094085631,north_field_i,North,
2024-12-16,0.4210741441086701,north_field_g,North,
2024-12-16,0.2601003603649248,north_field_l,North,
2024-12-16,0.4120856342121181,north_field_m,North,
2024-12-16,0.6112679619267369,north_field_k,North,
2024-12-16,0.3642723658114712,north_field_b,North,
2024-12-16,0.2866798740378322,north_field_d,North,
2024-12-16,0.3594155353530354,north_field_h,North,
2024-12-16,0.2426008127283022,north_field_j,North,
2025-01-25,0.7353674085762085,north_field_k,North,
2025-01-25,0.6649802902173254,north_field_i,North,
2025-01-25,0.6019984782889523,north_field_e,North,
2025-01-25,0.6621674909805572,north_field_d,North,
2025-01-25,0.7612798357615623,north_field_c,North,
2025-01-25,0.8643853692864037,north_field_j,North,
2025-01-25,0.6876929813587394,north_field_b,North,
2025-01-25,0.6115878096706425,north_field_g,North,
2025-01-25,0.326223017292614,north_field_l,North,
2025-01-25,0.389634218273495,north_field_m,North,
2025-01-25,0.7132370115699537,north_field_a,North,
2025-01-25,0.6071279477144214,north_field_h,North,
2025-01-25,0.5550670310007751,north_field_f,North,
2025-01-30,0.5320365406482902,north_field_e,North,
2025-01-30,0.6045333608343917,north_field_d,North,
2025-01-30,0.3219563951884407,north_field_c,North,
2025-01-30,0.2978266057102621,north_field_m,North,
2025-01-30,0.4740041508403177,north_field_h,North,
2025-01-30,0.4944598064471463,north_field_g,North,
2025-01-30,0.1408379431611479,north_field_j,North,
2025-01-30,0.2075566331131683,north_field_l,North,
2025-01-30,0.6021186923888159,north_field_b,North,
2025-01-30,0.56842605407089,north_field_i,North,
2025-01-30,0.6800314192586216,north_field_k,North,
2025-01-30,0.6190734105104497,north_field_a,North,
2025-01-30,0.4500490016273145,north_field_f,North,
2025-03-06,0.2669632547709586,north_field_l,North,
2025-03-06,0.5024965692626068,north_field_e,North,
2025-03-06,0.5999300312490335,north_field_d,North,
2025-03-06,0.3455221356435274,north_field_k,North,
2025-03-06,0.3818898511196503,north_field_c,North,
2025-03-06,0.3343866492818352,north_field_a,North,
2025-03-06,0.4027932046699793,north_field_f,North,
2025-03-06,0.165591263177471,north_field_h,North,
2025-03-06,0.340282065249833,north_field_g,North,
2025-03-06,0.346198668118406,north_field_m,North,
2025-03-06,0.5581824148959426,north_field_i,North,
2025-03-06,0.1971345999374828,north_field_j,North,
2025-03-06,0.2944317641978162,north_field_b,North,
2025-04-02,0.1595539173824278,north_field_h,North,
2025-04-02,0.2034614659316195,north_field_a,North,
2025-04-02,0.2605338315440868,north_field_c,North,
2025-04-02,0.3673332711260901,north_field_i,North,
2025-04-02,0.2548069153577468,north_field_m,North,
2025-04-02,0.4176467746232167,north_field_d,North,
2025-04-02,0.3421960910525264,north_field_f,North,
2025-04-02,0.3607872244009942,north_field_e,North,
2025-04-02,0.276395249034056,north_field_l,North,
2025-04-02,0.2283568180474969,north_field_b,North,
2025-04-02,0.2635018679395745,north_field_j,North,
2025-04-02,0.2508550338532824,north_field_g,North,
2025-04-02,0.1578754641107775,north_field_k,North,
2025-04-10,0.2770346093780204,north_field_l,North,
2025-04-10,0.1934518946283434,north_field_a,North,
2025-04-10,0.3377578465313924,north_field_i,North,
2025-04-10,0.2288104627698424,north_field_b,North,
2025-04-10,0.2917677707801315,north_field_j,North,
2025-04-10,0.1991191246307137,north_field_m,North,
2025-04-10,0.2986160500768357,north_field_h,North,
2025-04-10,0.1635739706241936,north_field_k,North,
2025-04-10,0.2438844399515617,north_field_g,North,
2025-04-10,0.4254962531482271,north_field_d,North,
2025-04-10,0.3577638446517409,north_field_e,North,
2025-04-10,0.2565175549254063,north_field_c,North,
2025-04-10,0.3507699030427191,north_field_f,North,
2025-04-15,0.1083086274591952,north_field_m,North,
2025-04-15,0.2871348723010345,north_field_i,North,
2025-04-15,0.2760465359569684,north_field_l,North,
2025-04-15,0.2177952700733529,north_field_b,North,
2025-04-15,0.1869153304283354,north_field_a,North,
2025-04-15,0.2956125382649784,north_field_j,North,
2025-04-15,0.3312304735631469,north_field_e,North,
2025-04-15,0.2412267543510872,north_field_c,North,
2025-04-15,0.2369783859923155,north_field_g,North,
2025-04-15,0.4795123805554646,north_field_h,North,
2025-04-15,0.3260548591976901,north_field_f,North,
2025-04-15,0.1946207493808653,north_field_k,North,
2025-04-15,0.3769079129616308,north_field_d,North,
2025-04-20,0.1888223730889525,north_field_a,North,
2025-04-20,0.3351346434215345,north_field_f,North,
2025-04-20,0.1710919323427692,north_field_k,North,
2025-04-20,0.3837133990636229,north_field_d,North,
2025-04-20,0.1963596697438416,north_field_m,North,
2025-04-20,0.2184658455225741,north_field_b,North,
2025-04-20,0.313253991516308,north_field_j,North,
2025-04-20,0.2424387206265519,north_field_c,North,
2025-04-20,0.3366357462010597,north_field_e,North,
2025-04-20,0.7075304121910332,north_field_h,North,
2025-04-20,0.2402008573453943,north_field_g,North,
2025-04-20,0.2775565363294556,north_field_i,North,
2025-04-20,0.2604783536237699,north_field_l,North,
2025-04-22,0.3610622375941903,north_field_d,North,
2025-04-22,0.2265137785042129,north_field_c,North,
2025-04-22,0.1768275517041614,north_field_m,North,
2025-04-22,0.2270403005118751,north_field_g,North,
2025-04-22,0.3054831482484584,north_field_j,North,
2025-04-22,0.1771602046105277,north_field_a,North,
2025-04-22,0.1664226031653989,north_field_k,North,
2025-04-22,0.3170265818578463,north_field_f,North,
2025-04-22,0.3173354818248466,north_field_e,North,
2025-04-22,0.262748146260608,north_field_i,North,
2025-04-22,0.2053640022667298,north_field_b,North,
2025-04-22,0.7543422003803132,north_field_h,North,
2025-04-22,0.2526850126126881,north_field_l,North,
2025-04-30,0.2571770723777005,north_field_i,North,
2025-04-30,0.7911678011839248,north_field_h,North,
2025-04-30,0.2262135056885516,north_field_c,North,
2025-04-30,0.1675403324429529,north_field_k,North,
2025-04-30,0.3370444774470714,north_field_d,North,
2025-04-30,0.2157787053365919,north_field_l,North,
2025-04-30,0.3042501552139774,north_field_f,North,
2025-04-30,0.1745134637183853,north_field_a,North,
2025-04-30,0.1842856026178347,north_field_m,North,
2025-04-30,0.2242710956432434,north_field_g,North,
2025-04-30,0.2015746042044667,north_field_b,North,
2025-04-30,0.3271477875904833,north_field_j,North,
2025-04-30,0.3109688076832374,north_field_e,North,
2025-05-05,0.2454020342814956,north_field_i,North,
2025-05-05,0.0725185555202442,north_field_e,North,
2025-05-05,0.2505104419731596,north_field_l,North,
2025-05-05,0.2675319612229288,north_field_m,North,
2025-05-05,0.2207235089603275,north_field_g,North,
2025-05-05,0.195803532516796,north_field_c,North,
2025-05-05,0.8447461079163286,north_field_h,North,
2025-05-05,0.1595668228104474,north_field_b,North,
2025-05-05,0.3350146797973457,north_field_j,North,
2025-05-05,0.165304710037191,north_field_k,North,
2025-05-05,0.258568011658662,north_field_d,North,
2025-05-05,0.1657983265772314,north_field_a,North,
2025-05-05,0.1808363678197786,north_field_f,North,
2025-05-10,0.8528838922541464,north_field_h,North,
2025-05-10,0.2551285478843725,north_field_l,North,
2025-05-10,0.4716768711837402,north_field_m,North,
2025-05-10,0.3338956095420559,north_field_d,North,
2025-05-10,0.219145493583644,north_field_g,North,
2025-05-10,0.1950575792350888,north_field_b,North,
2025-05-10,0.3093209569389614,north_field_e,North,
2025-05-10,0.215013509246764,north_field_c,North,
2025-05-10,0.1747921887096511,north_field_k,North,
2025-05-10,0.3317858368001637,north_field_j,North,
2025-05-10,0.2885635534637791,north_field_f,North,
2025-05-10,0.1690665433934451,north_field_a,North,
2025-05-10,0.250901711042417,north_field_i,North,
2025-05-20,0.1659753041949508,north_field_k,North,
2025-05-20,0.2992757322862756,north_field_d,North,
2025-05-20,0.8111050072349828,north_field_m,North,
2025-05-20,0.2351483795433773,north_field_l,North,
2025-05-20,0.2053709259194734,north_field_g,North,
2025-05-20,0.3113484854633773,north_field_j,North,
2025-05-20,0.8546430881304893,north_field_h,North,
2025-05-20,0.2808571206852076,north_field_e,North,
2025-05-20,0.1780461361675714,north_field_b,North,
2025-05-20,0.1540152022165643,north_field_a,North,
2025-05-20,0.2350768799818406,north_field_i,North,
2025-05-20,0.1959535699384832,north_field_c,North,
2025-05-20,0.2629848134265101,north_field_f,North,
2025-05-25,0.2642685519381733,north_field_f,North,
2025-05-25,0.2373588154305321,north_field_i,North,
2025-05-25,0.2126406125801348,north_field_g,North,
2025-05-25,0.2813364142426828,north_field_e,North,
2025-05-25,0.8563922844373547,north_field_m,North,
2025-05-25,0.1733118880311125,north_field_k,North,
2025-05-25,0.2323335783403396,north_field_l,North,
2025-05-25,0.1829065736463753,north_field_b,North,
2025-05-25,0.1598410875883431,north_field_a,North,
2025-05-25,0.2953300352646511,north_field_d,North,
2025-05-25,0.8546447440822194,north_field_h,North,
2025-05-25,0.3144329061474415,north_field_j,North,
2025-05-25,0.2003815061595451,north_field_c,North,
2025-05-30,0.2739490064811656,north_field_e,North,
2025-05-30,0.1617567103304517,north_field_a,North,
2025-05-30,0.8369304649695118,north_field_h,North,
2025-05-30,0.2100797625771367,north_field_g,North,
2025-05-30,0.1784043115643148,north_field_k,North,
2025-05-30,0.1832569432710609,north_field_b,North,
2025-05-30,0.8575150683976058,north_field_m,North,
2025-05-30,0.2299702614936519,north_field_l,North,
2025-05-30,0.200116099803353,north_field_c,North,
2025-05-30,0.2336277837740619,north_field_i,North,
2025-05-30,0.2573301164966027,north_field_f,North,
2025-05-30,0.3105385205341825,north_field_j,North,
2025-05-30,0.2849295957281718,north_field_d,North,
2025-06-01,0.8538471821321556,north_field_m,North,
2025-06-01,0.1771359883762246,north_field_b,North,
2025-06-01,0.223927728199905,north_field_l,North,
2025-06-01,0.2637323965425763,north_field_e,North,
2025-06-01,0.2479454020810642,north_field_f,North,
2025-06-01,0.1566170099400745,north_field_a,North,
2025-06-01,0.1728601896401944,north_field_k,North,
2025-06-01,0.816464625531431,north_field_h,North,
2025-06-01,0.1941800920791868,north_field_c,North,
2025-06-01,0.2021953467873921,north_field_g,North,
2025-06-01,0.2767576420952527,north_field_d,North,
2025-06-01,0.2264480155749807,north_field_i,North,
2025-06-01,0.3038202946691899,north_field_j,North,
2025-06-04,0.3045841397211185,north_field_j,North,
2025-06-04,0.1973329027025672,north_field_c,North,
2025-06-04,0.2284614196762453,north_field_i,North,
2025-06-04,0.176663137511411,north_field_k,North,
2025-06-04,0.2050964234248484,north_field_g,North,
2025-06-04,0.8718453753696838,north_field_m,North,
2025-06-04,0.1816255976416895,north_field_b,North,
2025-06-04,0.2249025944680472,north_field_l,North,
2025-06-04,0.2777816121622588,north_field_d,North,
2025-06-04,0.2501459296809992,north_field_f,North,
2025-06-04,0.160502403218133,north_field_a,North,
2025-06-04,0.8254938960310518,north_field_h,North,
2025-06-04,0.2696461207320941,north_field_e,North,
2025-06-09,0.1642489345556133,north_field_k,North,
2025-06-09,0.8440501387915758,north_field_m,North,
2025-06-09,0.1692258562071687,north_field_b,North,
2025-06-09,0.2083633625531309,north_field_l,North,
2025-06-09,0.1488104680514154,north_field_a,North,
2025-06-09,0.1852800720913031,north_field_c,North,
2025-06-09,0.2877097256320752,north_field_j,North,
2025-06-09,0.7807265144764477,north_field_h,North,
2025-06-09,0.2318714948562747,north_field_f,North,
2025-06-09,0.256373761137238,north_field_d,North,
2025-06-09,0.1907561770342818,north_field_g,North,
2025-06-09,0.2496270109947663,north_field_e,North,
2025-06-09,0.2125251645783787,north_field_i,North,
2025-06-19,0.1868055204685425,north_field_c,North,
2025-06-19,0.29074622322041,north_field_j,North,
2025-06-19,0.2028247218775248,north_field_l,North,
2025-06-19,0.7230122824263823,north_field_h,North,
2025-06-19,0.2563327800196295,north_field_d,North,
2025-06-19,0.1898385526275255,north_field_g,North,
2025-06-19,0.1684442822998582,north_field_k,North,
2025-06-19,0.8579565014795604,north_field_m,North,
2025-06-19,0.1713000406156696,north_field_b,North,
2025-06-19,0.2284818205324675,north_field_f,North,
2025-06-19,0.1511106062899218,north_field_a,North,
2025-06-19,0.2105385720315316,north_field_i,North,
2025-06-19,0.2488329193103959,north_field_e,North,
2025-06-21,0.1824864485745705,north_field_b,North,
2025-06-21,0.7239006618631688,north_field_h,North,
2025-06-21,0.2028051728884803,north_field_g,North,
2025-06-21,0.2600520427507102,north_field_e,North,
2025-06-21,0.2133978637462235,north_field_l,North,
2025-06-21,0.8532744259354016,north_field_m,North,
2025-06-21,0.1789559580170825,north_field_k,North,
2025-06-21,0.2206139889086091,north_field_i,North,
2025-06-21,0.2382396267031913,north_field_f,North,
2025-06-21,0.3005264627431571,north_field_j,North,
2025-06-21,0.1978526844461358,north_field_c,North,
2025-06-21,0.1631802968615787,north_field_a,North,
2025-06-21,0.2651633082259069,north_field_d,North,
2025-06-24,0.2063512985005273,north_field_l,North,
2025-06-24,0.2268743376343526,north_field_f,North,
2025-06-24,0.6591959842982756,north_field_h,North,
2025-06-24,0.250475631527414,north_field_d,North,
2025-06-24,0.2906330486975391,north_field_j,North,
2025-06-24,0.173256043944741,north_field_k,North,
2025-06-24,0.1946073912004543,north_field_g,North,
2025-06-24,0.1900334429363327,north_field_c,North,
2025-06-24,0.833590647272251,north_field_m,North,
2025-06-24,0.2140772771444183,north_field_i,North,
2025-06-24,0.1579463043162266,north_field_a,North,
2025-06-24,0.1757195491868019,north_field_b,North,
2025-06-24,0.2458645169351516,north_field_e,North,
2025-06-29,0.1587832547913238,north_field_k,North,
2025-06-29,0.1692324980516022,north_field_d,North,
2025-06-29,0.1885806855771487,north_field_f,North,
2025-06-29,0.0303679455519023,north_field_i,North,
2025-06-29,0.123921885776714,north_field_a,North,
2025-06-29,0.1029713941750899,north_field_c,North,
2025-06-29,0.0288684741127189,north_field_j,North,
2025-06-29,0.1317588584290077,north_field_l,North,
2025-06-29,0.2054943133686082,north_field_e,North,
2025-06-29,0.1649617709053773,north_field_b,North,
2025-06-29,0.4655522250671579,north_field_h,North,
2025-06-29,0.6842766745438601,north_field_m,North,
2025-06-29,0.1227920550878974,north_field_g,North,
2025-07-04,0.2782236573756504,north_field_j,North,
2025-07-04,0.2094676290012275,north_field_f,North,
2025-07-04,0.2312181882822249,north_field_e,North,
2025-07-04,0.1614678322281275,north_field_b,North,
2025-07-04,0.143639342241519,north_field_a,North,
2025-07-04,0.1978762188538085,north_field_i,North,
2025-07-04,0.8346593060491027,north_field_m,North,
2025-07-04,0.1765767508338642,north_field_c,North,
2025-07-04,0.5885712493851485,north_field_h,North,
2025-07-04,0.1795672972897449,north_field_g,North,
2025-07-04,0.1584173822152174,north_field_k,North,
2025-07-04,0.1861978779638361,north_field_l,North,
2025-07-04,0.2335493256598275,north_field_d,North,
2025-07-09,0.2886210376973462,north_field_j,North,
2025-07-09,0.2406168070362914,north_field_e,North,
2025-07-09,0.1692930040664678,north_field_k,North,
2025-07-09,0.2193928517733148,north_field_f,North,
2025-07-09,0.1930068560795614,north_field_l,North,
2025-07-09,0.2464928415336961,north_field_d,North,
2025-07-09,0.2078886585134209,north_field_i,North,
2025-07-09,0.5102863045024865,north_field_h,North,
2025-07-09,0.1738049589030157,north_field_b,North,
2025-07-09,0.1882667335988762,north_field_c,North,
2025-07-09,0.1906028637261524,north_field_g,North,
2025-07-09,0.1561777890408115,north_field_a,North,
2025-07-09,0.830909584965947,north_field_m,North,
2025-07-11,0.2092450351396893,north_field_i,North,
2025-07-11,0.196550573878789,north_field_l,North,
2025-07-11,0.1713868377643312,north_field_k,North,
2025-07-11,0.1743753588348243,north_field_b,North,
2025-07-11,0.2411046417971951,north_field_e,North,
2025-07-11,0.4935463334405769,north_field_h,North,
2025-07-11,0.1570798640056762,north_field_a,North,
2025-07-11,0.2456891715644868,north_field_d,North,
2025-07-11,0.1912884760200418,north_field_g,North,
2025-07-11,0.2174442068602766,north_field_f,North,
2025-07-11,0.2913891744505126,north_field_j,North,
2025-07-11,0.8446680246800445,north_field_m,North,
2025-07-11,0.1883356391758775,north_field_c,North,
2025-07-14,0.2024347924675019,north_field_f,North,
2025-07-14,0.2313470603457165,north_field_d,North,
2025-07-14,0.1617644889347735,north_field_k,North,
2025-07-14,0.1826084941688959,north_field_l,North,
2025-07-14,0.1973353977150908,north_field_i,North,
2025-07-14,0.1636467073818224,north_field_b,North,
2025-07-14,0.4356864917369749,north_field_h,North,
2025-07-14,0.1792860143485623,north_field_g,North,
2025-07-14,0.8074982499633865,north_field_m,North,
2025-07-14,0.1777845121943074,north_field_c,North,
2025-07-14,0.2761358756546636,north_field_j,North,
2025-07-14,0.2286273358743752,north_field_e,North,
2025-07-14,0.1446245433988849,north_field_a,North,
2025-07-24,0.2187812389729423,north_field_d,North,
2025-07-24,0.2304923898150758,north_field_e,North,
2025-07-24,0.1486156720774377,north_field_k,North,
2025-07-24,0.1508635498497488,north_field_c,North,
2025-07-24,0.1574077004354618,north_field_g,North,
2025-07-24,0.1255385902061453,north_field_b,North,
2025-07-24,0.1907011373792488,north_field_i,North,
2025-07-24,0.2165730081960603,north_field_h,North,
2025-07-24,0.0938116284486184,north_field_a,North,
2025-07-24,0.2804355374323422,north_field_j,North,
2025-07-24,0.7797861735096889,north_field_m,North,
2025-07-24,0.1836872801425819,north_field_l,North,
2025-07-24,0.1804968445385497,north_field_f,North,
2025-07-29,0.1709856100732317,north_field_g,North,
2025-07-29,0.1647168709914248,north_field_k,North,
2025-07-29,0.1932079893392707,north_field_l,North,
2025-07-29,0.1510630410315834,north_field_b,North,
2025-07-29,0.2316625287556843,north_field_d,North,
2025-07-29,0.2019301960603078,north_field_i,North,
2025-07-29,0.7566354220049415,north_field_m,North,
2025-07-29,0.2908148940214515,north_field_j,North,
2025-07-29,0.1359857339430527,north_field_a,North,
2025-07-29,0.2394335668473323,north_field_e,North,
2025-07-29,0.188082155887666,north_field_f,North,
2025-07-29,0.2051435225704523,north_field_h,North,
2025-07-29,0.1627470813345771,north_field_c,North,
2025-07-31,0.2053768442389189,north_field_h,North,
2025-07-31,0.1504436012435626,north_field_b,North,
2025-07-31,0.7348158567624558,north_field_m,North,
2025-07-31,0.2857024021698664,north_field_j,North,
2025-07-31,0.167741152507083,north_field_g,North,
2025-07-31,0.2362570131355025,north_field_e,North,
2025-07-31,0.1935270443283568,north_field_l,North,
2025-07-31,0.1815079228513041,north_field_f,North,
2025-07-31,0.1341289875118028,north_field_a,North,
2025-07-31,0.2004252761641966,north_field_i,North,
2025-07-31,0.159665406908794,north_field_c,North,
2025-07-31,0.1628604565550487,north_field_k,North,
2025-07-31,0.2258220988823129,north_field_d,North,
2025-08-03,0.1665502626862488,north_field_f,North,
2025-08-03,0.122940451267131,north_field_a,North,
2025-08-03,0.2700245555069924,north_field_j,North,
2025-08-03,0.6916602525058935,north_field_m,North,
2025-08-03,0.190944990459293,north_field_i,North,
2025-08-03,0.138168588494277,north_field_b,North,
2025-08-03,0.2178953970299908,north_field_e,North,
2025-08-03,0.2101071691787101,north_field_d,North,
2025-08-03,0.1879771534816188,north_field_h,North,
2025-08-03,0.1471533653761839,north_field_c,North,
2025-08-03,0.1526181653061989,north_field_k,North,
2025-08-03,0.1545319199520402,north_field_g,North,
2025-08-03,0.1826905665666615,north_field_l,North,
2025-08-08,0.1830366115089735,north_field_h,North,
2025-08-08,0.1414833465136873,north_field_c,North,
2025-08-08,0.1160669986561039,north_field_a,North,
2025-08-08,0.2625502500591423,north_field_j,North,
2025-08-08,0.6101841168536741,north_field_m,North,
2025-08-08,0.1466685528148212,north_field_g,North,
2025-08-08,0.1796590514997838,north_field_i,North,
2025-08-08,0.1560046132989162,north_field_f,North,
2025-08-08,0.1321287297744799,north_field_b,North,
2025-08-08,0.2053045049827834,north_field_d,North,
2025-08-08,0.1647965764545958,north_field_l,North,
2025-08-08,0.1403152846763435,north_field_k,North,
2025-08-08,0.2097421625731595,north_field_e,North,
2025-08-13,0.0413236753425824,north_field_h,North,
2025-08-13,0.1327006410793851,north_field_c,North,
2025-08-13,0.1116226324878771,north_field_a,North,
2025-08-13,0.0814972711453823,north_field_g,North,
2025-08-13,0.0104719433075772,north_field_e,North,
2025-08-13,0.1982748558267524,north_field_d,North,
2025-08-13,0.0235983883162728,north_field_j,North,
2025-08-13,0.5626871667914404,north_field_m,North,
2025-08-13,0.107169063075661,north_field_f,North,
2025-08-13,0.1073491674846901,north_field_i,North,
2025-08-13,0.1236634449907348,north_field_b,North,
2025-08-13,-0.017184035372982,north_field_k,North,
2025-08-13,0.1317528461702048,north_field_l,North,
2025-08-20,0.1805195984277206,north_field_l,North,
2025-08-20,0.1132883402586276,north_field_a,North,
2025-08-20,0.1689229395585541,north_field_h,North,
2025-08-20,0.1498222771156731,north_field_g,North,
2025-08-20,0.1560371649706068,north_field_f,North,
2025-08-20,0.4001151553506575,north_field_m,North,
2025-08-20,0.199642766853095,north_field_e,North,
2025-08-20,0.1462018215812042,north_field_k,North,
2025-08-20,0.1758142446063445,north_field_i,North,
2025-08-20,0.1947766838530127,north_field_d,North,
2025-08-20,0.1362880598298883,north_field_c,North,
2025-08-20,0.12676102203031,north_field_b,North,
2025-08-20,0.2520952081130583,north_field_j,North,
2025-08-23,0.1355935556894076,north_field_b,North,
2025-08-23,0.1432904772017023,north_field_c,North,
2025-08-23,0.1558557243253567,north_field_k,North,
2025-08-23,0.1800644597853154,north_field_h,North,
2025-08-23,0.186061505659771,north_field_i,North,
2025-08-23,0.1918923656807518,north_field_l,North,
2025-08-23,0.1581496932740901,north_field_g,North,
2025-08-23,0.2573471827155884,north_field_j,North,
2025-08-23,0.1228640953560138,north_field_a,North,
2025-08-23,0.3200924416366703,north_field_m,North,
2025-08-23,0.2042694693645617,north_field_e,North,
2025-08-23,0.1977050020898211,north_field_d,North,
2025-08-23,0.1653962403854851,north_field_f,North,
2025-08-28,0.1256843740098113,north_field_a,North,
2025-08-28,0.1403895755239292,north_field_b,North,
2025-08-28,0.1673427929717167,north_field_k,North,
2025-08-28,0.2003482793189886,north_field_e,North,
2025-08-28,0.1774544296753063,north_field_h,North,
2025-08-28,0.1962097182150564,north_field_d,North,
2025-08-28,0.1911593794699272,north_field_i,North,
2025-08-28,0.1966898553083683,north_field_l,North,
2025-08-28,0.167272581097244,north_field_f,North,
2025-08-28,0.1641525524343938,north_field_g,North,
2025-08-28,0.2614146693403343,north_field_j,North,
2025-08-28,0.1485499399643136,north_field_c,North,
2025-08-28,0.242986525803468,north_field_m,North,
2025-09-02,0.1449365502790791,north_field_g,North,
2025-09-02,0.1623319461418421,north_field_f,North,
2025-09-02,0.1626395174375983,north_field_i,North,
2025-09-02,0.1154663921523597,north_field_d,North,
2025-09-02,0.0898261739377932,north_field_a,North,
2025-09-02,0.174687622725986,north_field_l,North,
2025-09-02,0.1441469487782036,north_field_c,North,
2025-09-02,0.1781928013067462,north_field_k,North,
2025-09-02,0.1180885001899005,north_field_b,North,
2025-09-02,0.0617422327335958,north_field_e,North,
2025-09-02,0.1577979396454382,north_field_h,North,
2025-09-02,0.2585661145080629,north_field_j,North,
2025-09-02,0.2242375802439681,north_field_m,North,
2025-09-09,0.1636093240674763,north_field_f,North,
2025-09-09,0.2517241959368171,north_field_j,North,
2025-09-09,0.1826603785288166,north_field_i,North,
2025-09-09,0.1906246298131311,north_field_l,North,
2025-09-09,0.1713504139453791,north_field_h,North,
2025-09-09,0.1370301281795193,north_field_b,North,
2025-09-09,0.1839023871694944,north_field_k,North,
2025-09-09,0.2060014896017255,north_field_m,North,
2025-09-09,0.1567639032276183,north_field_g,North,
2025-09-09,0.1246222314459294,north_field_a,North,
2025-09-09,0.1867516540416268,north_field_e,North,
2025-09-09,0.1438830794549908,north_field_c,North,
2025-09-09,0.1857238219166202,north_field_d,North,
2025-09-12,0.181900521267989,north_field_e,North,
2025-09-12,0.1831569529250496,north_field_d,North,
2025-09-12,0.1748930732417104,north_field_i,North,
2025-09-12,0.1521919796576915,north_field_g,North,
2025-09-12,0.1837969634307737,north_field_l,North,
2025-09-12,0.1693481729313151,north_field_h,North,
2025-09-12,0.1623697065571747,north_field_f,North,
2025-09-12,0.1400689091756969,north_field_c,North,
2025-09-12,0.1334015167220623,north_field_b,North,
2025-09-12,0.1997575010201495,north_field_m,North,
2025-09-12,0.2432124563952696,north_field_j,North,
2025-09-12,0.1782889563111727,north_field_k,North,
2025-09-12,0.0921881895144075,north_field_a,North,
2025-09-17,0.1647479577432636,north_field_f,North,
2025-09-17,0.2477765207346319,north_field_j,North,
2025-09-17,0.1579073374220621,north_field_g,North,
2025-09-17,0.1988967286923857,north_field_m,North,
2025-09-17,0.1254519506196131,north_field_a,North,
2025-09-17,0.1826566596492413,north_field_l,North,
2025-09-17,0.1702387330266739,north_field_h,North,
2025-09-17,0.1381517109526748,north_field_b,North,
2025-09-17,0.187157642749138,north_field_k,North,
2025-09-17,0.183491172389442,north_field_e,North,
2025-09-17,0.144394495142365,north_field_c,North,
2025-09-17,0.1850979933332886,north_field_d,North,
2025-09-17,0.1778394547347954,north_field_i,North,
2025-09-22,0.1728791261504171,north_field_i,North,
2025-09-22,0.1973795182991798,north_field_m,North,
2025-09-22,0.1816352795680433,north_field_e,North,
2025-09-22,0.2465931313690311,north_field_j,North,
2025-09-22,0.1532286286955147,north_field_g,North,
2025-09-22,0.1848886452868012,north_field_d,North,
2025-09-22,0.1618978793298606,north_field_f,North,
2025-09-22,0.1419064289602503,north_field_c,North,
2025-09-22,0.1353083186218941,north_field_b,North,
2025-09-22,0.1763133672298684,north_field_l,North,
2025-09-22,0.1656965014287793,north_field_h,North,
2025-09-22,0.181618669445513,north_field_k,North,
2025-09-22,0.12065498728209,north_field_a,North,
2025-10-02,0.2595755521816811,north_field_j,North,
2025-10-02,0.1426833258109921,north_field_c,North,
2025-10-02,0.13761386137805,north_field_b,North,
2025-10-02,0.1899343564125833,north_field_k,North,
2025-10-02,0.1988606512182221,north_field_e,North,
2025-10-02,0.1244957846455593,north_field_a,North,
2025-10-02,0.1953084443320172,north_field_m,North,
2025-10-02,0.175285947623262,north_field_i,North,
2025-10-02,0.1744180806913587,north_field_l,North,
2025-10-02,0.173489503699238,north_field_h,North,
2025-10-02,0.159444267279237,north_field_g,North,
2025-10-02,0.1697342009313049,north_field_f,North,
2025-10-02,0.204855154572292,north_field_d,North,
2025-10-07,0.1376797015529532,north_field_g,North,
2025-10-07,0.1473383851542717,north_field_f,North,
2025-10-07,0.1270900962361283,north_field_c,North,
2025-10-07,0.2329033306585392,north_field_j,North,
2025-10-07,0.1754539351922304,north_field_m,North,
2025-10-07,0.1560463616152814,north_field_i,North,
2025-10-07,0.1602573295329184,north_field_l,North,
2025-10-07,0.1649930834273009,north_field_k,North,
2025-10-07,0.1750829579229967,north_field_d,North,
2025-10-07,0.1706814923399018,north_field_e,North,
2025-10-07,0.1213741510689857,north_field_b,North,
2025-10-07,0.1567214347938018,north_field_h,North,
2025-10-07,0.1083440267585578,north_field_a,North,
2025-10-12,0.1724961374596084,north_field_k,North,
2025-10-12,0.1312999199042087,north_field_c,North,
2025-10-12,0.1452501741453877,north_field_g,North,
2025-10-12,0.2369773244677444,north_field_j,North,
2025-10-12,0.127353536624504,north_field_b,North,
2025-10-12,0.16934974943174,north_field_l,North,
2025-10-12,0.1535053981653268,north_field_f,North,
2025-10-12,0.161023282411742,north_field_h,North,
2025-10-12,0.1770401549295178,north_field_d,North,
2025-10-12,0.1145092864327128,north_field_a,North,
2025-10-12,0.1671427670662823,north_field_i,North,
2025-10-12,0.1778309663306886,north_field_m,North,
2025-10-12,0.175052003339726,north_field_e,North,
2025-10-19,0.1499884109396552,north_field_l,North,
2025-10-19,0.1845979304379252,north_field_d,North,
2025-10-19,0.1298946909510298,north_field_k,North,
2025-10-19,0.1770819547709012,north_field_m,North,
2025-10-19,0.1319655836567045,north_field_c,North,
2025-10-19,0.1380000281003839,north_field_g,North,
2025-10-19,0.113196080166797,north_field_a,North,
2025-10-19,0.1553960299768175,north_field_f,North,
2025-10-19,0.1878095279800584,north_field_j,North,
2025-10-19,0.1803113546524895,north_field_e,North,
2025-10-19,0.1272990029680936,north_field_b,North,
2025-10-19,0.159874555755098,north_field_h,North,
2025-10-19,0.1590168392938498,north_field_i,North,
2025-11-01,0.1116045894539483,north_field_b,North,
2025-11-01,0.1716265103502227,north_field_e,North,
2025-11-01,0.1528074132477558,north_field_h,North,
2025-11-01,0.4455988207990204,north_field_m,North,
2025-11-01,0.2275201192164915,north_field_j,North,
2025-11-01,0.1161603541860477,north_field_c,North,
2025-11-01,0.1597519833109147,north_field_k,North,
2025-11-01,0.1403673785320491,north_field_f,North,
2025-11-01,0.1950430745341396,north_field_d,North,
2025-11-01,0.100730627707728,north_field_a,North,
2025-11-01,0.163440967601787,north_field_i,North,
2025-11-01,0.1270631544627523,north_field_g,North,
2025-11-01,0.1665112140255792,north_field_l,North,
2025-11-21,0.1883398872327024,north_field_l,North,
2025-11-21,0.0978898470929384,north_field_b,North,
2025-11-21,0.0840678217989602,north_field_a,North,
2025-11-21,0.1456205399969165,north_field_g,North,
2025-11-21,0.2763270075945047,north_field_j,North,
2025-11-21,0.169158652225642,north_field_i,North,
2025-11-21,0.1601691823337393,north_field_h,North,
2025-11-21,0.096135759316191,north_field_c,North,
2025-11-21,0.194618026136723,north_field_e,North,
2025-11-21,0.1656765413858958,north_field_d,North,
2025-11-21,0.1866054549854068,north_field_k,North,
2025-11-21,0.7888209319437629,north_field_m,North,
2025-11-21,0.1437048016892485,north_field_f,North,
2025-12-06,0.2404810092066407,north_field_e,North,
2025-12-06,0.1935363614167127,north_field_i,North,
2025-12-06,0.8230961186020568,north_field_m,North,
2025-12-06,0.2658204000126363,north_field_d,North,
2025-12-06,0.2357254731183875,north_field_h,North,
2025-12-06,0.1878027499616874,north_field_f,North,
2025-12-06,0.1840563564148974,north_field_g,North,
2025-12-06,0.3126640621667918,north_field_j,North,
2025-12-06,0.201973645627687,north_field_l,North,
2025-12-06,0.2171316356871231,north_field_c,North,
2025-12-06,0.2075247780503977,north_field_k,North,
2025-12-06,0.2056381627161652,north_field_a,North,
2025-12-06,0.2177395566376825,north_field_b,North,
2025-12-16,0.0267193256027626,north_field_g,North,
2025-12-16,0.1815600424169509,north_field_l,North,
2025-12-16,0.1851339345883363,north_field_k,North,
2025-12-16,0.0045053543858363,north_field_d,North,
2025-12-16,0.1736038991662229,north_field_i,North,
2025-12-16,0.191455306434526,north_field_a,North,
2025-12-16,0.0070048379408527,north_field_f,North,
2025-12-16,0.1744417872306511,north_field_e,North,
2025-12-16,0.0886063366004266,north_field_h,North,
2025-12-16,0.1637607399542532,north_field_c,North,
2025-12-16,0.2827523283605698,north_field_j,North,
2025-12-16,0.2316936950468437,north_field_b,North,
2025-12-16,0.515141320918079,north_field_m,North,
2023-01-11,0.1744939120670355,field_a,South,
2023-01-11,0.4675542228275869,field_g,South,
2023-01-11,0.3842635357691091,field_h,South,
2023-01-11,0.4694666353220573,field_j,South,
2023-01-11,0.2153317052405534,field_e,South,
2023-01-11,0.5025888767732242,field_m,South,
2023-01-11,0.4691435354350527,field_b,South,
2023-01-11,0.2159547801066193,field_d,South,
2023-01-11,0.5527103908598598,field_c,South,
2023-01-11,0.4367797473278831,field_l,South,
2023-01-11,0.3857998992518384,field_k,South,
2023-01-11,0.2335461109573765,field_i,South,
2023-01-11,0.1772222962219955,field_f,South,
2023-02-25,0.6411583784619965,field_i,South,
2023-02-25,0.2125927160402664,field_a,South,
2023-02-25,0.4752605542747584,field_h,South,
2023-02-25,0.4919782386172992,field_j,South,
2023-02-25,0.2038844350263197,field_e,South,
2023-02-25,0.4577067191884233,field_m,South,
2023-02-25,0.5928577715366518,field_b,South,
2023-02-25,0.5794879627084029,field_k,South,
2023-02-25,0.1888095144830242,field_d,South,
2023-02-25,0.6106284350460006,field_g,South,
2023-02-25,0.5304575180346739,field_l,South,
2023-02-25,0.2310509612933715,field_f,South,
2023-02-25,0.6602519647748331,field_c,South,
2023-03-17,0.4765799303118322,field_m,South,
2023-03-17,0.5990097867903476,field_i,South,
2023-03-17,0.4673510951710126,field_h,South,
2023-03-17,0.2001441469138018,field_f,South,
2023-03-17,0.2593445922742355,field_e,South,
2023-03-17,0.2309505533500295,field_l,South,
2023-03-17,0.6822652199922559,field_c,South,
2023-03-17,0.4317046863270167,field_g,South,
2023-03-17,0.4787795949285376,field_j,South,
2023-03-17,0.2155807677140391,field_d,South,
2023-03-17,0.633786599551058,field_b,South,
2023-03-17,0.5277363842409026,field_k,South,
2023-03-17,0.2608074539361176,field_a,South,
2023-04-21,0.4125053170923489,field_a,South,
2023-04-21,0.2646915358338185,field_j,South,
2023-04-21,0.2710342644536097,field_l,South,
2023-04-21,0.3555767908232094,field_b,South,
2023-04-21,0.3793421400405827,field_i,South,
2023-04-21,0.2896632386088906,field_m,South,
2023-04-21,0.1692711055700542,field_f,South,
2023-04-21,0.313954526667724,field_k,South,
2023-04-21,0.3011226907665415,field_c,South,
2023-04-21,0.2720950338250901,field_g,South,
2023-04-21,0.199027709593715,field_d,South,
2023-04-21,0.1950737090204884,field_e,South,
2023-04-21,0.2900644511158787,field_h,South,
2023-05-06,0.2360250039062143,field_l,South,
2023-05-06,0.1789774828239466,field_e,South,
2023-05-06,0.2047032812928174,field_j,South,
2023-05-06,0.2976199162182247,field_b,South,
2023-05-06,0.2491152729712729,field_m,South,
2023-05-06,0.2234102510513392,field_c,South,
2023-05-06,0.2492860179801632,field_h,South,
2023-05-06,0.1505958766466265,field_f,South,
2023-05-06,0.3307380134153494,field_i,South,
2023-05-06,0.322241915379975,field_a,South,
2023-05-06,0.1830109749510639,field_d,South,
2023-05-06,0.2737933509519985,field_k,South,
2023-05-06,0.2447829086467107,field_g,South,
2023-05-11,0.2542405210132654,field_g,South,
2023-05-11,0.3182010823035712,field_a,South,
2023-05-11,0.1606605372291146,field_f,South,
2023-05-11,0.3402496453136936,field_i,South,
2023-05-11,0.2335610397795967,field_l,South,
2023-05-11,0.2215076968889635,field_c,South,
2023-05-11,0.2930961247080757,field_b,South,
2023-05-11,0.1811591238688802,field_d,South,
2023-05-11,0.2413048067337434,field_m,South,
2023-05-11,0.1852642612923627,field_e,South,
2023-05-11,0.1816036366116246,field_j,South,
2023-05-11,0.2788528138452173,field_k,South,
2023-05-11,0.2496851609940948,field_h,South,
2023-05-26,0.1897923895682623,field_e,South,
2023-05-26,0.2850568233149792,field_h,South,
2023-05-26,0.2360984247975934,field_c,South,
2023-05-26,0.3102544533107723,field_i,South,
2023-05-26,0.1887808075811391,field_b,South,
2023-05-26,0.2025055204504383,field_d,South,
2023-05-26,0.111282593942358,field_f,South,
2023-05-26,0.1920079500365365,field_a,South,
2023-05-26,0.1832361375414987,field_j,South,
2023-05-26,0.2327692947673645,field_m,South,
2023-05-26,0.2587647486285213,field_g,South,
2023-05-26,0.2945871478142237,field_k,South,
2023-05-26,0.2239570099519975,field_l,South,
2023-06-05,0.2666669972940692,field_k,South,
2023-06-05,0.2657322258292706,field_h,South,
2023-06-05,0.1850741910122072,field_c,South,
2023-06-05,0.1878384039832386,field_b,South,
2023-06-05,0.1703275366374291,field_d,South,
2023-06-05,0.1767303551376816,field_e,South,
2023-06-05,0.2057569610135201,field_l,South,
2023-06-05,0.2877030638713423,field_i,South,
2023-06-05,0.1546357617494549,field_f,South,
2023-06-05,0.1899293955739737,field_a,South,
2023-06-05,0.2395597594642595,field_g,South,
2023-06-05,0.1733690457182398,field_j,South,
2023-06-05,0.2094745454353299,field_m,South,
2023-06-10,0.1775539800581263,field_d,South,
2023-06-10,0.2107224300784969,field_l,South,
2023-06-10,0.2808299374282942,field_i,South,
2023-06-10,0.1781087670025071,field_f,South,
2023-06-10,0.2461709535414817,field_g,South,
2023-06-10,0.2733495326663714,field_h,South,
2023-06-10,0.2019567223287728,field_a,South,
2023-06-10,0.2696903315516078,field_k,South,
2023-06-10,0.2121475177540903,field_m,South,
2023-06-10,0.1970011039056744,field_b,South,
2023-06-10,0.1774751773049642,field_j,South,
2023-06-10,0.1876098364821519,field_c,South,
2023-06-10,0.1829417208668201,field_e,South,
2023-06-15,0.2133026165584353,field_m,South,
2023-06-15,0.2043017853452378,field_a,South,
2023-06-15,0.1942043556158691,field_f,South,
2023-06-15,0.2530120067806456,field_g,South,
2023-06-15,0.2879459255382542,field_i,South,
2023-06-15,0.2221714711148788,field_l,South,
2023-06-15,0.1794604343288098,field_d,South,
2023-06-15,0.1939232644285309,field_b,South,
2023-06-15,0.2719741900742478,field_h,South,
2023-06-15,0.1939198690977632,field_e,South,
2023-06-15,0.1906921713589911,field_j,South,
2023-06-15,0.2687228603419084,field_k,South,
2023-06-15,0.2055589577046398,field_c,South,
2023-06-20,0.2050529619886304,field_l,South,
2023-06-20,0.2357749065673904,field_h,South,
2023-06-20,0.1856528054232567,field_d,South,
2023-06-20,0.1822937936291019,field_c,South,
2023-06-20,0.1859924220075245,field_e,South,
2023-06-20,0.2666522518932989,field_i,South,
2023-06-20,0.2404137039825892,field_k,South,
2023-06-20,0.1901804730054854,field_b,South,
2023-06-20,0.2080915029958996,field_a,South,
2023-06-20,0.1738644524589767,field_j,South,
2023-06-20,0.2379336917633275,field_g,South,
2023-06-20,0.177452171697277,field_f,South,
2023-06-20,0.1931954956802204,field_m,South,
2023-06-25,0.1871904964482736,field_f,South,
2023-06-25,0.2163737984753696,field_a,South,
2023-06-25,0.2614303806458663,field_i,South,
2023-06-25,0.2278878284658043,field_g,South,
2023-06-25,0.1981670066946021,field_l,South,
2023-06-25,0.1790460536635221,field_j,South,
2023-06-25,0.1826910170957009,field_m,South,
2023-06-25,0.2261262255339228,field_k,South,
2023-06-25,0.1850518575356168,field_c,South,
2023-06-25,0.1915750278892179,field_e,South,
2023-06-25,0.1821981286620236,field_d,South,
2023-06-25,0.2241220132518728,field_h,South,
2023-06-25,0.1787627894970461,field_b,South,
2023-06-30,0.1983011457155035,field_f,South,
2023-06-30,0.2352919150871492,field_a,South,
2023-06-30,0.2279208805717884,field_h,South,
2023-06-30,0.1900725008760913,field_j,South,
2023-06-30,0.2334779613630359,field_k,South,
2023-06-30,0.2098265583207398,field_e,South,
2023-06-30,0.2041085314709083,field_l,South,
2023-06-30,0.2682859179967753,field_i,South,
2023-06-30,0.1933102685320288,field_m,South,
2023-06-30,0.1645054676620392,field_d,South,
2023-06-30,0.2414446932954972,field_g,South,
2023-06-30,0.2049036325805901,field_c,South,
2023-06-30,0.1832101901977305,field_b,South,
2023-07-30,0.2076118848353391,field_g,South,
2023-07-30,0.1734722911756705,field_j,South,
2023-07-30,0.184526563992981,field_c,South,
2023-07-30,0.1636464151061985,field_m,South,
2023-07-30,0.2051648909211153,field_a,South,
2023-07-30,0.2023708203062274,field_k,South,
2023-07-30,0.1496162221929901,field_e,South,
2023-07-30,0.2043015490348859,field_i,South,
2023-07-30,0.1758213288778826,field_l,South,
2023-07-30,0.1853843885064448,field_d,South,
2023-07-30,0.1805670469997152,field_h,South,
2023-07-30,0.1688710259768013,field_b,South,
2023-07-30,0.1909910781623924,field_f,South,
2023-08-14,0.1553432362575218,field_j,South,
2023-08-14,0.1890965619972985,field_k,South,
2023-08-14,0.1612074426646291,field_l,South,
2023-08-14,0.168635757461514,field_e,South,
2023-08-14,0.1700942552795853,field_c,South,
2023-08-14,0.1776726528391115,field_d,South,
2023-08-14,0.1871447755597854,field_i,South,
2023-08-14,0.1616138571414621,field_b,South,
2023-08-14,0.1696773550496586,field_h,South,
2023-08-14,0.192829155558704,field_g,South,
2023-08-14,0.2771596963175382,field_f,South,
2023-08-14,0.1827078734591738,field_a,South,
2023-08-14,0.1534097392467672,field_m,South,
2023-08-19,0.0996608396715429,field_h,South,
2023-08-19,0.1079888760753084,field_l,South,
2023-08-19,0.1762291439111907,field_k,South,
2023-08-19,0.1393840764842651,field_a,South,
2023-08-19,0.0737040515443622,field_d,South,
2023-08-19,0.0419925561573385,field_b,South,
2023-08-19,0.1371843864583482,field_m,South,
2023-08-19,0.0778681937468129,field_c,South,
2023-08-19,0.3709027815301511,field_f,South,
2023-08-19,0.1504821697900885,field_i,South,
2023-08-19,0.1005144183765005,field_e,South,
2023-08-19,0.0823919077366265,field_g,South,
2023-08-19,0.0552477447219836,field_j,South,
2023-09-03,0.1636692284231754,field_l,South,
2023-09-03,0.1888548310219835,field_i,South,
2023-09-03,0.1828825481972341,field_b,South,
2023-09-03,0.734366456745203,field_d,South,
2023-09-03,0.1928981349752441,field_k,South,
2023-09-03,0.1562850283001987,field_m,South,
2023-09-03,0.2967736013281647,field_e,South,
2023-09-03,0.1721048880345058,field_c,South,
2023-09-03,0.1708819884637751,field_h,South,
2023-09-03,0.4165580820799041,field_j,South,
2023-09-03,0.1936174023491364,field_g,South,
2023-09-03,0.8088970000847997,field_f,South,
2023-09-03,0.4504576183778436,field_a,South,
2023-09-08,0.4385295436144297,field_e,South,
2023-09-08,0.1547000963003831,field_m,South,
2023-09-08,0.561409374905155,field_j,South,
2023-09-08,0.1743167808379735,field_b,South,
2023-09-08,0.161701535390475,field_c,South,
2023-09-08,0.1863375191827806,field_k,South,
2023-09-08,0.1596060574056841,field_l,South,
2023-09-08,0.1843275316046953,field_g,South,
2023-09-08,0.8271276765433007,field_f,South,
2023-09-08,0.1656294051923134,field_h,South,
2023-09-08,0.1757618109775101,field_i,South,
2023-09-08,0.7725867276307868,field_d,South,
2023-09-08,0.5358083909165817,field_a,South,
2023-09-23,0.1567531712003239,field_l,South,
2023-09-23,0.8463135654664571,field_f,South,
2023-09-23,0.7849322002865043,field_j,South,
2023-09-23,0.1698782822033837,field_c,South,
2023-09-23,0.1705356164325275,field_i,South,
2023-09-23,0.1515132911105372,field_m,South,
2023-09-23,0.8434719884629186,field_d,South,
2023-09-23,0.1713500994672424,field_b,South,
2023-09-23,0.8041114747427502,field_a,South,
2023-09-23,0.8331809277449614,field_e,South,
2023-09-23,0.1798692290697744,field_g,South,
2023-09-23,0.1817911058868275,field_k,South,
2023-09-23,0.1586328245909039,field_h,South,
2023-10-03,0.8725114700194981,field_f,South,
2023-10-03,0.8419046614968484,field_j,South,
2023-10-03,0.1788599142261533,field_c,South,
2023-10-03,0.185816563642081,field_g,South,
2023-10-03,0.1706845614962863,field_i,South,
2023-10-03,0.156685307246749,field_m,South,
2023-10-03,0.8753563408346148,field_e,South,
2023-10-03,0.156184050626622,field_l,South,
2023-10-03,0.1606644554161169,field_h,South,
2023-10-03,0.1754878817838739,field_k,South,
2023-10-03,0.8697708917988275,field_d,South,
2023-10-03,0.8732086051636517,field_a,South,
2023-10-03,0.1652673909707951,field_b,South,
2023-10-08,0.8171664560650128,field_f,South,
2023-10-08,0.1425179123011992,field_h,South,
2023-10-08,0.8225666538687204,field_d,South,
2023-10-08,0.1665528191810837,field_g,South,
2023-10-08,0.1564512805173895,field_c,South,
2023-10-08,0.7909307349830041,field_j,South,
2023-10-08,0.1552446045449068,field_b,South,
2023-10-08,0.1503899726291981,field_i,South,
2023-10-08,0.1353489075087026,field_l,South,
2023-10-08,0.1381082550809032,field_m,South,
2023-10-08,0.8236878199147586,field_a,South,
2023-10-08,0.8317138983650855,field_e,South,
2023-10-08,0.161452975505167,field_k,South,
2023-10-28,0.1498923954033806,field_l,South,
2023-10-28,0.8204411648132782,field_e,South,
2023-10-28,0.7574526566466844,field_f,South,
2023-10-28,0.7655826451579718,field_d,South,
2023-10-28,0.245382399646171,field_k,South,
2023-10-28,0.8178424088746494,field_j,South,
2023-10-28,0.1498999826864331,field_h,South,
2023-10-28,0.1678838533825911,field_c,South,
2023-10-28,0.2290757091360473,field_b,South,
2023-10-28,0.1883261649779844,field_m,South,
2023-10-28,0.7680047670773532,field_a,South,
2023-10-28,0.1640927244441297,field_i,South,
2023-10-28,0.2788505391684129,field_g,South,
2023-11-12,0.2340980223993304,field_m,South,
2023-11-12,0.199730340230011,field_b,South,
2023-11-12,0.7801635295979831,field_j,South,
2023-11-12,0.1800215041065195,field_c,South,
2023-11-12,0.160726619395191,field_h,South,
2023-11-12,0.2120097027768412,field_k,South,
2023-11-12,0.1710840975525826,field_l,South,
2023-11-12,0.2964804239237903,field_g,South,
2023-11-12,0.6384640864852241,field_a,South,
2023-11-12,0.2028801485534469,field_i,South,
2023-11-12,0.2462336882608083,field_d,South,
2023-11-12,0.5875277795644943,field_f,South,
2023-11-12,0.6705554965784307,field_e,South,
2023-11-17,0.7282888203344796,field_j,South,
2023-11-17,0.1930508559553999,field_k,South,
2023-11-17,0.2529691920884345,field_g,South,
2023-11-17,0.521937439491037,field_a,South,
2023-11-17,0.1441874613894353,field_h,South,
2023-11-17,0.2006852501262686,field_d,South,
2023-11-17,0.186762232236735,field_i,South,
2023-11-17,0.5615968365135051,field_e,South,
2023-11-17,0.2140352821054716,field_m,South,
2023-11-17,0.1571225322523009,field_l,South,
2023-11-17,0.4717222434768277,field_f,South,
2023-11-17,0.1737743724089454,field_c,South,
2023-11-17,0.1764057769986056,field_b,South,
2023-11-22,0.1018676750608724,field_b,South,
2023-11-22,0.0654937676017753,field_d,South,
2023-11-22,0.1483101459406263,field_k,South,
2023-11-22,0.1719307598623285,field_f,South,
2023-11-22,0.1007408394672694,field_l,South,
2023-11-22,0.1570699690453706,field_g,South,
2023-11-22,0.1469804754910181,field_a,South,
2023-11-22,0.1551371242497698,field_i,South,
2023-11-22,0.2698011925314464,field_j,South,
2023-11-22,0.0907825285354871,field_c,South,
2023-11-22,0.1141609586632149,field_m,South,
2023-11-22,0.1488631569526012,field_h,South,
2023-11-22,0.1069652421463284,field_e,South,
2023-11-27,0.1755234914042624,field_f,South,
2023-11-27,0.1643871044834291,field_i,South,
2023-11-27,0.2037900957915963,field_l,South,
2023-11-27,0.3487671121703399,field_a,South,
2023-11-27,0.21202870297731,field_g,South,
2023-11-27,0.1680513663469442,field_b,South,
2023-11-27,0.1665238661787553,field_k,South,
2023-11-27,0.165670565715858,field_m,South,
2023-11-27,0.1579713746074624,field_d,South,
2023-11-27,0.1362865672257631,field_h,South,
2023-11-27,0.2784962442480482,field_e,South,
2023-11-27,0.1833489109453063,field_c,South,
2023-11-27,0.2218916453720255,field_j,South,
2023-12-02,0.1858757545924667,field_b,South,
2023-12-02,0.1580426523141567,field_h,South,
2023-12-02,0.184721122892272,field_e,South,
2023-12-02,0.1979679819695463,field_i,South,
2023-12-02,0.1472563978010778,field_m,South,
2023-12-02,0.2035033351894833,field_j,South,
2023-12-02,0.1814615025985137,field_k,South,
2023-12-02,0.2297562561551825,field_l,South,
2023-12-02,0.3089528657883575,field_g,South,
2023-12-02,0.1652205494722793,field_d,South,
2023-12-02,0.2718326738606332,field_a,South,
2023-12-02,0.1997908156151979,field_c,South,
2023-12-02,0.1804826995910227,field_f,South,
2024-01-01,0.1981791814810307,field_g,South,
2024-01-01,0.3984926548086249,field_e,South,
2024-01-01,0.1561708619242213,field_a,South,
2024-01-01,0.2586251082839663,field_i,South,
2024-01-01,0.2239023748221212,field_f,South,
2024-01-01,0.1432170162016777,field_h,South,
2024-01-01,0.1448594689359277,field_d,South,
2024-01-01,0.3120602263438462,field_j,South,
2024-01-01,0.2658700590230823,field_c,South,
2024-01-01,0.1298585186022619,field_k,South,
2024-01-01,0.136765291642544,field_l,South,
2024-01-01,0.236462255318724,field_b,South,
2024-01-01,0.2021942418882526,field_m,South,
2024-01-11,0.1477085815636097,field_i,South,
2024-01-11,0.2480454671797213,field_c,South,
2024-01-11,0.2044915464508161,field_h,South,
2024-01-11,0.1951339220642492,field_d,South,
2024-01-11,0.262370642700767,field_b,South,
2024-01-11,0.2931138838098336,field_j,South,
2024-01-11,0.4043511874497716,field_a,South,
2024-01-11,0.2637075435625988,field_f,South,
2024-01-11,0.2807159153047614,field_g,South,
2024-01-11,0.3240195651714545,field_m,South,
2024-01-11,0.1938829009283707,field_k,South,
2024-01-11,0.2320135953781399,field_e,South,
2024-01-11,0.2064628292371813,field_l,South,
2024-02-05,0.1622090107754317,field_e,South,
2024-02-05,0.1894255104477939,field_i,South,
2024-02-05,0.1522421676392612,field_l,South,
2024-02-05,0.2044516814556948,field_c,South,
2024-02-05,0.197507524978558,field_g,South,
2024-02-05,0.2051109120576465,field_j,South,
2024-02-05,0.173955807509695,field_h,South,
2024-02-05,0.1694652568508389,field_f,South,
2024-02-05,0.1685633969736257,field_m,South,
2024-02-05,0.2020012404202387,field_b,South,
2024-02-05,0.1640506462953477,field_k,South,
2024-02-05,0.1599327397422021,field_d,South,
2024-02-05,0.2266447676659639,field_a,South,
2024-02-15,0.1834141434435408,field_g,South,
2024-02-15,0.2278844693818935,field_e,South,
2024-02-15,0.2211365296103161,field_i,South,
2024-02-15,0.1701743470154501,field_h,South,
2024-02-15,0.1903230448214141,field_f,South,
2024-02-15,0.1844535510387213,field_j,South,
2024-02-15,0.1997386249647472,field_d,South,
2024-02-15,0.1595844428107251,field_m,South,
2024-02-15,0.1966944453968876,field_b,South,
2024-02-15,0.1619486492687407,field_l,South,
2024-02-15,0.1810476217082609,field_c,South,
2024-02-15,0.1924107283290485,field_k,South,
2024-02-15,0.2747923114850718,field_a,South,
2024-02-25,0.1636156210279404,field_k,South,
2024-02-25,0.1783578441843718,field_c,South,
2024-02-25,0.1862493409488429,field_g,South,
2024-02-25,0.2185256019754859,field_e,South,
2024-02-25,0.3329341306038436,field_a,South,
2024-02-25,0.1777265832607097,field_f,South,
2024-02-25,0.1455692734781992,field_m,South,
2024-02-25,0.1615521526064005,field_j,South,
2024-02-25,0.174447769179385,field_h,South,
2024-02-25,0.2068973236172243,field_d,South,
2024-02-25,0.2017368393935026,field_b,South,
2024-02-25,0.1890124876514291,field_i,South,
2024-02-25,0.1601817399369312,field_l,South,
2024-03-11,0.185527220204464,field_j,South,
2024-03-11,0.2698658123021757,field_f,South,
2024-03-11,0.2109779255040476,field_a,South,
2024-03-11,0.1692879366488565,field_h,South,
2024-03-11,0.0267110777381973,field_m,South,
2024-03-11,0.1624780949741021,field_g,South,
2024-03-11,0.2104593845185234,field_b,South,
2024-03-11,0.2575455745046791,field_c,South,
2024-03-11,0.1741778153628828,field_k,South,
2024-03-11,0.148632373908254,field_l,South,
2024-03-11,0.2358208373042052,field_d,South,
2024-03-11,0.1899265902108828,field_e,South,
2024-03-11,0.2009245506607836,field_i,South,
2024-03-16,0.2468650521278235,field_f,South,
2024-03-16,0.1932630504544056,field_j,South,
2024-03-16,0.2003307866123544,field_i,South,
2024-03-16,0.1477490062861102,field_h,South,
2024-03-16,0.3419316965498812,field_c,South,
2024-03-16,0.371912172388287,field_d,South,
2024-03-16,0.1705394558762171,field_a,South,
2024-03-16,0.2765223997979785,field_e,South,
2024-03-16,0.1980678265753049,field_l,South,
2024-03-16,0.1693090903839551,field_g,South,
2024-03-16,0.1857658684745911,field_k,South,
2024-03-16,0.1679724884397424,field_m,South,
2024-03-16,0.2252726061014832,field_b,South,
2024-04-10,0.8267472347356191,field_b,South,
2024-04-10,0.7723350545174538,field_d,South,
2024-04-10,0.8868976247191529,field_k,South,
2024-04-10,0.1948538528036002,field_h,South,
2024-04-10,0.2317530391623614,field_m,South,
2024-04-10,0.7755377384759555,field_j,South,
2024-04-10,0.4255718035441316,field_f,South,
2024-04-10,0.8479196026920606,field_l,South,
2024-04-10,0.3777795895821051,field_a,South,
2024-04-10,0.2132875656227833,field_i,South,
2024-04-10,0.1840721692036759,field_g,South,
2024-04-10,0.6578437242101365,field_e,South,
2024-04-10,0.8267196599941794,field_c,South,
2024-04-20,0.4430500679904708,field_h,South,
2024-04-20,0.8274192332545456,field_c,South,
2024-04-20,0.5306260096363962,field_a,South,
2024-04-20,0.8237701288817016,field_b,South,
2024-04-20,0.7518304093833946,field_d,South,
2024-04-20,0.1761858536768011,field_i,South,
2024-04-20,0.7318723948987829,field_j,South,
2024-04-20,0.1611790814763407,field_g,South,
2024-04-20,0.6708986405743049,field_e,South,
2024-04-20,0.4102570380786269,field_f,South,
2024-04-20,0.8641028946587156,field_l,South,
2024-04-20,0.8597614542213663,field_k,South,
2024-04-20,0.3129117930458259,field_m,South,
2024-04-25,0.1765575284157839,field_g,South,
2024-04-25,0.8791789016749245,field_l,South,
2024-04-25,0.8524200638057423,field_b,South,
2024-04-25,0.3976566725767956,field_m,South,
2024-04-25,0.6286377439342562,field_h,South,
2024-04-25,0.8751018721557785,field_k,South,
2024-04-25,0.7798019307943866,field_d,South,
2024-04-25,0.7451093446506295,field_j,South,
2024-04-25,0.7120261400786756,field_e,South,
2024-04-25,0.1792606307197474,field_i,South,
2024-04-25,0.8425216351373137,field_c,South,
2024-04-25,0.4337943849309823,field_f,South,
2024-04-25,0.6052442717814798,field_a,South,
2024-04-30,0.835777205086588,field_c,South,
2024-04-30,0.7467260811090216,field_h,South,
2024-04-30,0.7494972411360069,field_e,South,
2024-04-30,0.448036155921015,field_f,South,
2024-04-30,0.8642783204155027,field_k,South,
2024-04-30,0.6839140253351219,field_a,South,
2024-04-30,0.8598077448935448,field_b,South,
2024-04-30,0.1867521270970017,field_i,South,
2024-04-30,0.7876599681341557,field_d,South,
2024-04-30,0.4589645817908086,field_m,South,
2024-04-30,0.8616175327956878,field_l,South,
2024-04-30,0.7536457403551395,field_j,South,
2024-04-30,0.2102936122554564,field_g,South,
2024-05-05,0.5125482515254782,field_m,South,
2024-05-05,0.7365992085232157,field_a,South,
2024-05-05,0.1934580685548393,field_i,South,
2024-05-05,0.842205866421652,field_c,South,
2024-05-05,0.4756493598521482,field_f,South,
2024-05-05,0.8863616593810189,field_l,South,
2024-05-05,0.2966608251247521,field_g,South,
2024-05-05,0.8678009726380597,field_k,South,
2024-05-05,0.7850918192289291,field_e,South,
2024-05-05,0.7948653774304401,field_d,South,
2024-05-05,0.8746903384804807,field_b,South,
2024-05-05,0.8235177694805761,field_h,South,
2024-05-05,0.7626595725067247,field_j,South,
2024-05-10,0.5335091842351818,field_m,South,
2024-05-10,0.7607781407731941,field_a,South,
2024-05-10,0.4041786162592783,field_g,South,
2024-05-10,0.8444661485603803,field_b,South,
2024-05-10,0.8425663422379394,field_k,South,
2024-05-10,0.8042183643937497,field_c,South,
2024-05-10,0.7362717549569651,field_j,South,
2024-05-10,0.7619748686979378,field_e,South,
2024-05-10,0.4606551632168136,field_f,South,
2024-05-10,0.1881526425856575,field_i,South,
2024-05-10,0.8267131341126992,field_h,South,
2024-05-10,0.869514617302062,field_l,South,
2024-05-10,0.7661851534582951,field_d,South,
2024-05-20,0.6591308797295818,field_d,South,
2024-05-20,0.7208799854847328,field_g,South,
2024-05-20,0.8180962447355901,field_l,South,
2024-05-20,0.7266489918702432,field_e,South,
2024-05-20,0.650598982321618,field_c,South,
2024-05-20,0.435055828104877,field_f,South,
2024-05-20,0.1802511183485759,field_i,South,
2024-05-20,0.788905546658807,field_b,South,
2024-05-20,0.6791562141899301,field_j,South,
2024-05-20,0.8293443382621822,field_h,South,
2024-05-20,0.7822455900515507,field_k,South,
2024-05-20,0.5997540386189418,field_m,South,
2024-05-20,0.8057956782563104,field_a,South,
2024-05-25,0.1802111246007322,field_i,South,
2024-05-25,0.6936143578315941,field_b,South,
2024-05-25,0.7864474554684128,field_l,South,
2024-05-25,0.4163283861874296,field_f,South,
2024-05-25,0.8096289808824442,field_h,South,
2024-05-25,0.4386572607283105,field_c,South,
2024-05-25,0.4888000929021625,field_d,South,
2024-05-25,0.6817503354645942,field_k,South,
2024-05-25,0.7605051338443568,field_g,South,
2024-05-25,0.7857236931153121,field_a,South,
2024-05-25,0.5525733567131031,field_j,South,
2024-05-25,0.6116029438145527,field_m,South,
2024-05-25,0.6680961488711222,field_e,South,
2024-05-30,0.6045782219745919,field_m,South,
2024-05-30,0.6471461937165452,field_k,South,
2024-05-30,0.6194989908565461,field_e,South,
2024-05-30,0.1842810156905561,field_i,South,
2024-05-30,0.7922411070298825,field_a,South,
2024-05-30,0.8072317660660308,field_g,South,
2024-05-30,0.3788823807649549,field_d,South,
2024-05-30,0.7392723887427993,field_l,South,
2024-05-30,0.716288974978223,field_b,South,
2024-05-30,0.8318029230444255,field_h,South,
2024-05-30,0.4664372176347542,field_j,South,
2024-05-30,0.3963960466224183,field_f,South,
2024-05-30,0.4523578532792434,field_c,South,
2024-06-04,0.8479268425853543,field_g,South,
2024-06-04,0.7110045215380251,field_b,South,
2024-06-04,0.4042929495747507,field_c,South,
2024-06-04,0.3810388877853166,field_j,South,
2024-06-04,0.2738615613733132,field_d,South,
2024-06-04,0.8541169616955836,field_h,South,
2024-06-04,0.5941808422302526,field_k,South,
2024-06-04,0.2028083720232861,field_i,South,
2024-06-04,0.6905575225220817,field_l,South,
2024-06-04,0.7763166671800157,field_a,South,
2024-06-04,0.5689148788356183,field_m,South,
2024-06-04,0.2837423404102899,field_f,South,
2024-06-04,0.5854878225027726,field_e,South,
2024-06-09,0.2804718666512912,field_j,South,
2024-06-09,0.22009282271245,field_f,South,
2024-06-09,0.6398810222441276,field_a,South,
2024-06-09,0.5055954881168814,field_b,South,
2024-06-09,0.2538067620243214,field_d,South,
2024-06-09,0.8055211615946609,field_g,South,
2024-06-09,0.3084602929530776,field_c,South,
2024-06-09,0.4176859942454614,field_e,South,
2024-06-09,0.1710513506040707,field_k,South,
2024-06-09,0.3182604434648862,field_l,South,
2024-06-09,0.3945528210057616,field_m,South,
2024-06-09,0.8050493425502347,field_h,South,
2024-06-09,0.0791160588157054,field_i,South,
2024-06-14,0.1651525587754266,field_e,South,
2024-06-14,0.2362761121274222,field_d,South,
2024-06-14,0.511653662019516,field_g,South,
2024-06-14,0.2774852143757745,field_l,South,
2024-06-14,0.4091868110826672,field_b,South,
2024-06-14,0.2258278347555611,field_j,South,
2024-06-14,0.5698043701918746,field_a,South,
2024-06-14,0.0803741564062848,field_i,South,
2024-06-14,0.2191723720136949,field_c,South,
2024-06-14,0.3206605459841629,field_k,South,
2024-06-14,0.3259183464556368,field_m,South,
2024-06-14,0.753676379328459,field_h,South,
2024-06-14,0.1432557388735948,field_f,South,
2024-06-19,0.552502679691655,field_a,South,
2024-06-19,0.2062531225315355,field_f,South,
2024-06-19,0.794022473944548,field_h,South,
2024-06-19,0.3049953049440543,field_m,South,
2024-06-19,0.8218299984454589,field_g,South,
2024-06-19,0.4118485106772724,field_b,South,
2024-06-19,0.2794331053042923,field_l,South,
2024-06-19,0.255604977251455,field_e,South,
2024-06-19,0.2421698686931908,field_d,South,
2024-06-19,0.2755968000081114,field_k,South,
2024-06-19,0.3021444180584908,field_c,South,
2024-06-19,0.1886076313325881,field_i,South,
2024-06-19,0.2785445146284405,field_j,South,
2024-06-24,0.0906288652733039,field_j,South,
2024-06-24,0.1790157157223151,field_i,South,
2024-06-24,0.1869015050276489,field_d,South,
2024-06-24,0.2776975895236185,field_g,South,
2024-06-24,0.3830477253774784,field_b,South,
2024-06-24,0.183240307893595,field_c,South,
2024-06-24,0.1546601172159882,field_f,South,
2024-06-24,0.2392586932758248,field_m,South,
2024-06-24,0.1292939371140385,field_k,South,
2024-06-24,0.1742379141679708,field_e,South,
2024-06-24,0.3584511425885832,field_h,South,
2024-06-24,0.2413041600188495,field_a,South,
2024-06-24,0.2248303259634843,field_l,South,
2024-06-29,0.2337910771564782,field_l,South,
2024-06-29,0.4587914169310149,field_a,South,
2024-06-29,0.1872540385551326,field_f,South,
2024-06-29,0.2311815779474134,field_e,South,
2024-06-29,0.1787346148870728,field_i,South,
2024-06-29,0.2604481117601824,field_j,South,
2024-06-29,0.4109011187762784,field_b,South,
2024-06-29,0.7672233336446033,field_h,South,
2024-06-29,0.2495364818163713,field_c,South,
2024-06-29,0.2266748012185511,field_k,South,
2024-06-29,0.221464691000953,field_d,South,
2024-06-29,0.2879182839235942,field_m,South,
2024-06-29,0.820022951440054,field_g,South,
2024-07-04,0.2497447374705966,field_j,South,
2024-07-04,0.2153182310184135,field_k,South,
2024-07-04,0.2803222847752605,field_m,South,
2024-07-04,0.1905652229660414,field_f,South,
2024-07-04,0.2070644017479574,field_l,South,
2024-07-04,0.2626971441494516,field_b,South,
2024-07-04,0.8118576110123584,field_g,South,
2024-07-04,0.7221559338533478,field_h,South,
2024-07-04,0.1826513717801187,field_i,South,
2024-07-04,0.2231720917301851,field_d,South,
2024-07-04,0.2310604529272487,field_c,South,
2024-07-04,0.3519881937598738,field_a,South,
2024-07-04,0.2287709535870938,field_e,South,
2024-07-14,0.2411264970448041,field_a,South,
2024-07-14,0.1919786238621258,field_f,South,
2024-07-14,0.3705958078772632,field_h,South,
2024-07-14,0.2454161347800161,field_m,South,
2024-07-14,0.2205548938487132,field_c,South,
2024-07-14,0.2060490910892562,field_k,South,
2024-07-14,0.2245422862078304,field_e,South,
2024-07-14,0.1974046086168753,field_l,South,
2024-07-14,0.2351111692519724,field_j,South,
2024-07-14,0.2044422721790983,field_i,South,
2024-07-14,0.242553740338143,field_b,South,
2024-07-14,0.2212932278510922,field_d,South,
2024-07-14,0.3551670122955932,field_g,South,
2024-07-19,0.3288556468923348,field_h,South,
2024-07-19,0.2178033114702308,field_d,South,
2024-07-19,0.2300226134953542,field_m,South,
2024-07-19,0.3192407400980813,field_g,South,
2024-07-19,0.1861523058916787,field_f,South,
2024-07-19,0.2157681853729536,field_c,South,
2024-07-19,0.2166991669997742,field_a,South,
2024-07-19,0.1896507399005685,field_l,South,
2024-07-19,0.1931161309831324,field_k,South,
2024-07-19,0.2346591765153686,field_j,South,
2024-07-19,0.2186330262745958,field_e,South,
2024-07-19,0.2176758598150031,field_i,South,
2024-07-19,0.234945736498407,field_b,South,
2024-07-24,0.2033367032513187,field_c,South,
2024-07-24,0.2082186396853443,field_a,South,
2024-07-24,0.222010719564084,field_b,South,
2024-07-24,0.208621488547321,field_m,South,
2024-07-24,0.2727742482095628,field_h,South,
2024-07-24,0.182041782640194,field_f,South,
2024-07-24,0.2690121801489637,field_g,South,
2024-07-24,0.1782588895885581,field_l,South,
2024-07-24,0.233201806443513,field_j,South,
2024-07-24,0.1785441134820974,field_k,South,
2024-07-24,0.2195252923917641,field_e,South,
2024-07-24,0.196867459706305,field_i,South,
2024-07-24,0.2177377788720414,field_d,South,
2024-07-29,0.2050383241769038,field_c,South,
2024-07-29,0.2474932582373893,field_g,South,
2024-07-29,0.2077261933137761,field_b,South,
2024-07-29,0.1767498797741359,field_l,South,
2024-07-29,0.2113167182373549,field_e,South,
2024-07-29,0.1720754701356661,field_k,South,
2024-07-29,0.2047341855934259,field_m,South,
2024-07-29,0.2210300983198478,field_j,South,
2024-07-29,0.2030622782418953,field_a,South,
2024-07-29,0.1884535118858954,field_i,South,
2024-07-29,0.2122278968220918,field_d,South,
2024-07-29,0.1758204383425649,field_f,South,
2024-07-29,0.2412810071459324,field_h,South,
2024-08-03,0.2407701919088694,field_h,South,
2024-08-03,0.2338331318734371,field_j,South,
2024-08-03,0.1740272659644709,field_l,South,
2024-08-03,0.2536716744943352,field_g,South,
2024-08-03,0.2261781791668392,field_d,South,
2024-08-03,0.1793376399788458,field_f,South,
2024-08-03,0.1944307527143214,field_c,South,
2024-08-03,0.1977405139495369,field_a,South,
2024-08-03,0.2109498471418023,field_b,South,
2024-08-03,0.2070426712319814,field_m,South,
2024-08-03,0.2254786494016531,field_e,South,
2024-08-03,0.1888542437248992,field_i,South,
2024-08-03,0.1729952679747359,field_k,South,
2024-08-08,0.1899733361797018,field_a,South,
2024-08-08,0.221107123343841,field_g,South,
2024-08-08,0.225207725801045,field_d,South,
2024-08-08,0.2274029088967342,field_j,South,
2024-08-08,0.2041915749252168,field_m,South,
2024-08-08,0.1915261115880208,field_c,South,
2024-08-08,0.1772143236973407,field_f,South,
2024-08-08,0.171372640132055,field_k,South,
2024-08-08,0.1854931539884037,field_i,South,
2024-08-08,0.1997488323100933,field_b,South,
2024-08-08,0.173690529176246,field_l,South,
2024-08-08,0.221070187801878,field_h,South,
2024-08-08,0.2199483256518809,field_e,South,
2024-08-18,0.1706603770622025,field_k,South,
2024-08-18,0.1690761233249988,field_f,South,
2024-08-18,0.1966003471324178,field_m,South,
2024-08-18,0.2041106326117442,field_d,South,
2024-08-18,0.1813672712720815,field_h,South,
2024-08-18,0.1910180887769209,field_c,South,
2024-08-18,0.1787631696709352,field_b,South,
2024-08-18,0.1707976441375976,field_l,South,
2024-08-18,0.1896699940880137,field_g,South,
2024-08-18,0.2172631502043341,field_j,South,
2024-08-18,0.178118943657051,field_i,South,
2024-08-18,0.184145739831405,field_a,South,
2024-08-18,0.212237428852919,field_e,South,
2024-08-28,0.1889111861227709,field_a,South,
2024-08-28,0.1928367555512799,field_i,South,
2024-08-28,0.2007280427751998,field_b,South,
2024-08-28,0.1966651595916039,field_m,South,
2024-08-28,0.1709978654105162,field_l,South,
2024-08-28,0.1783112510313713,field_h,South,
2024-08-28,0.1921777276623081,field_c,South,
2024-08-28,0.2056792091461714,field_d,South,
2024-08-28,0.1848062754756119,field_g,South,
2024-08-28,0.2150241231511911,field_j,South,
2024-08-28,0.1737651610288193,field_k,South,
2024-08-28,0.2115988128724477,field_e,South,
2024-08-28,0.1686083950677431,field_f,South,
2024-09-02,0.2178945461219498,field_e,South,
2024-09-02,0.2095571612136508,field_d,South,
2024-09-02,0.193200726538981,field_a,South,
2024-09-02,0.1863830116117004,field_i,South,
2024-09-02,0.2177327860228962,field_j,South,
2024-09-02,0.293276988862039,field_b,South,
2024-09-02,0.1684112344799462,field_l,South,
2024-09-02,0.1953897194684784,field_m,South,
2024-09-02,0.1745958642570791,field_h,South,
2024-09-02,0.1958132012948496,field_c,South,
2024-09-02,0.1789167134507547,field_g,South,
2024-09-02,0.1725055042239945,field_k,South,
2024-09-02,0.1661630105580427,field_f,South,
2024-09-07,0.3359411802165475,field_b,South,
2024-09-07,0.1619706097744422,field_l,South,
2024-09-07,0.1798357658303241,field_i,South,
2024-09-07,0.1705712349860228,field_g,South,
2024-09-07,0.2050498072629765,field_d,South,
2024-09-07,0.2113892967732157,field_e,South,
2024-09-07,0.1666333512795244,field_k,South,
2024-09-07,0.1874943871395274,field_m,South,
2024-09-07,0.2109534170428502,field_j,South,
2024-09-07,0.1905352599287505,field_c,South,
2024-09-07,0.1572424148657825,field_f,South,
2024-09-07,0.1799612989632457,field_a,South,
2024-09-07,0.1667087844717885,field_h,South,
2024-09-12,0.19475295186857,field_c,South,
2024-09-12,0.5665091854495197,field_b,South,
2024-09-12,0.1718125935414224,field_g,South,
2024-09-12,0.2064012189097196,field_j,South,
2024-09-12,0.1845505222917016,field_a,South,
2024-09-12,0.1908702499321801,field_m,South,
2024-09-12,0.1639095058618675,field_l,South,
2024-09-12,0.1543403089712243,field_f,South,
2024-09-12,0.2211764496520863,field_e,South,
2024-09-12,0.1665170888421847,field_k,South,
2024-09-12,0.1835706754424655,field_i,South,
2024-09-12,0.2163733497768407,field_d,South,
2024-09-12,0.1611137000177856,field_h,South,
2024-09-17,0.1530632901309669,field_k,South,
2024-09-17,0.1545910142730438,field_k,South,
2024-09-17,0.2024318635902953,field_j,South,
2024-09-17,0.1747360793565797,field_m,South,
2024-09-17,0.143806727543977,field_l,South,
2024-09-17,0.1422389684420006,field_l,South,
2024-09-17,0.1425660859644816,field_h,South,
2024-09-17,0.140476685909853,field_h,South,
2024-09-17,0.196684523881307,field_i,South,
2024-09-17,0.2008879045102072,field_i,South,
2024-09-17,0.2007418017145459,field_j,South,
2024-09-17,0.1773465649135755,field_m,South,
2024-09-17,0.1477705214351639,field_g,South,
2024-09-17,0.1488608683353452,field_g,South,
2024-09-17,0.173648815842452,field_d,South,
2024-09-17,0.6107894251373568,field_b,South,
2024-09-17,0.6037811664495841,field_b,South,
2024-09-17,0.1788871784363992,field_a,South,
2024-09-17,0.1810425016407698,field_a,South,
2024-09-17,0.1392881000716253,field_f,South,
2024-09-17,0.1730227713468508,field_d,South,
2024-09-17,0.139912609810687,field_f,South,
2024-09-17,0.1533504350738304,field_c,South,
2024-09-17,0.1557078735833765,field_c,South,
2024-09-17,0.2109196195168415,field_e,South,
2024-09-17,0.2098041896660031,field_e,South,
2024-09-27,0.184476763216725,field_m,South,
2024-09-27,0.5188298180380114,field_i,South,
2024-09-27,0.2058385655037982,field_j,South,
2024-09-27,0.24557843633932,field_a,South,
2024-09-27,0.1630423987817932,field_h,South,
2024-09-27,0.2219577212016929,field_d,South,
2024-09-27,0.1649036722236493,field_g,South,
2024-09-27,0.2196365548855194,field_e,South,
2024-09-27,0.1541039556635474,field_f,South,
2024-09-27,0.1926370046578967,field_c,South,
2024-09-27,0.1636981988081392,field_l,South,
2024-09-27,0.8388350184657949,field_b,South,
2024-09-27,0.1709242330096694,field_k,South,
2024-10-07,0.1802861256982463,field_m,South,
2024-10-07,0.1861601923657566,field_c,South,
2024-10-07,0.2044522299060849,field_d,South,
2024-10-07,0.1594665941327886,field_l,South,
2024-10-07,0.1565272942464788,field_h,South,
2024-10-07,0.1648887582930186,field_k,South,
2024-10-07,0.1980138458443277,field_j,South,
2024-10-07,0.8570285990372897,field_b,South,
2024-10-07,0.3341315446006624,field_a,South,
2024-10-07,0.1620042819374048,field_g,South,
2024-10-07,0.2093789026349751,field_e,South,
2024-10-07,0.1535770433070096,field_f,South,
2024-10-07,0.7946834336858795,field_i,South,
2024-10-12,0.1855451000536453,field_c,South,
2024-10-12,0.1431221130838268,field_f,South,
2024-10-12,0.395877613843003,field_a,South,
2024-10-12,0.1700212909615021,field_m,South,
2024-10-12,0.147085823389053,field_h,South,
2024-10-12,0.8369933829402001,field_i,South,
2024-10-12,0.1549120574282326,field_k,South,
2024-10-12,0.1523164618509835,field_g,South,
2024-10-12,0.8764142890183939,field_b,South,
2024-10-12,0.1495665729813748,field_l,South,
2024-10-12,0.1934679228639564,field_e,South,
2024-10-12,0.1871615141594713,field_j,South,
2024-10-12,0.1930237215982466,field_d,South,
2024-10-17,0.1580416079016257,field_g,South,
2024-10-17,0.1916094555274259,field_c,South,
2024-10-17,0.1623439047644594,field_k,South,
2024-10-17,0.1548900350491117,field_f,South,
2024-10-17,0.8506878037526884,field_b,South,
2024-10-17,0.1563195195605542,field_l,South,
2024-10-17,0.4093870805067236,field_a,South,
2024-10-17,0.1968789681739799,field_j,South,
2024-10-17,0.1976156231490294,field_e,South,
2024-10-17,0.1557384049772603,field_h,South,
2024-10-17,0.17313069497952,field_m,South,
2024-10-17,0.8566534495116357,field_i,South,
2024-10-17,0.1992674502141173,field_d,South,
2024-10-27,0.1490908983745039,field_e,South,
2024-10-27,0.1497227455750046,field_g,South,
2024-10-27,0.180556715405217,field_c,South,
2024-10-27,0.147275531833485,field_k,South,
2024-10-27,0.135195036075931,field_f,South,
2024-10-27,0.8863438846933285,field_i,South,
2024-10-27,0.137460985478055,field_l,South,
2024-10-27,0.1612656982134856,field_d,South,
2024-10-27,0.6838252055562676,field_b,South,
2024-10-27,0.1318629555320953,field_m,South,
2024-10-27,0.175056180221745,field_j,South,
2024-10-27,0.1444944907522667,field_h,South,
2024-10-27,0.3875471830201422,field_a,South,
2024-11-01,0.1601726009222424,field_e,South,
2024-11-01,0.1344731281380383,field_g,South,
2024-11-01,0.7300965455908688,field_b,South,
2024-11-01,0.1716677195850617,field_d,South,
2024-11-01,0.1560966940863973,field_j,South,
2024-11-01,0.1619538558071912,field_c,South,
2024-11-01,0.1532630877798241,field_m,South,
2024-11-01,0.1392865282313979,field_k,South,
2024-11-01,0.1349901376627963,field_f,South,
2024-11-01,0.3978407049476412,field_a,South,
2024-11-01,0.8201788268823046,field_i,South,
2024-11-01,0.1311494585803579,field_h,South,
2024-11-01,0.1347621003304421,field_l,South,
2024-11-16,0.1784207566444762,field_e,South,
2024-11-16,0.1527993554886921,field_f,South,
2024-11-16,0.3813519470262399,field_b,South,
2024-11-16,0.8201571943931381,field_i,South,
2024-11-16,0.1310450641006467,field_h,South,
2024-11-16,0.1783218734171383,field_l,South,
2024-11-16,0.1433150824833465,field_k,South,
2024-11-16,0.2514243974839979,field_m,South,
2024-11-16,0.3498239912932071,field_a,South,
2024-11-16,0.1384155214937487,field_g,South,
2024-11-16,0.1844462490814662,field_j,South,
2024-11-16,0.154620086671867,field_c,South,
2024-11-16,0.1470765299259502,field_d,South,
2024-11-21,0.167480045966817,field_c,South,
2024-11-21,0.3633565653138887,field_m,South,
2024-11-21,0.3410441404386683,field_a,South,
2024-11-21,0.8532458374748583,field_i,South,
2024-11-21,0.1708992844710973,field_e,South,
2024-11-21,0.2626594255661835,field_l,South,
2024-11-21,0.2853466428703929,field_j,South,
2024-11-21,0.1545310424353152,field_d,South,
2024-11-21,0.1837919885615161,field_f,South,
2024-11-21,0.1433761195929576,field_h,South,
2024-11-21,0.1625768444490963,field_g,South,
2024-11-21,0.3685655184617463,field_b,South,
2024-11-21,0.1749371539810056,field_k,South,
2024-11-26,0.2679018702409018,field_k,South,
2024-11-26,0.3000712120108319,field_a,South,
2024-11-26,0.1887152872397365,field_h,South,
2024-11-26,0.1775372613846292,field_c,South,
2024-11-26,0.1581753223205627,field_e,South,
2024-11-26,0.2245037899990822,field_b,South,
2024-11-26,0.3623853056402085,field_l,South,
2024-11-26,0.434085430276142,field_j,South,
2024-11-26,0.1731882605970623,field_g,South,
2024-11-26,0.4757970150677628,field_m,South,
2024-11-26,0.1994700171360724,field_f,South,
2024-11-26,0.1950888779228468,field_d,South,
2024-11-26,0.8406126788957006,field_i,South,
2024-12-01,0.342925676813798,field_d,South,
2024-12-01,0.3089526414373036,field_h,South,
2024-12-01,0.5597076514144693,field_i,South,
2024-12-01,0.5754175701495522,field_m,South,
2024-12-01,0.1727575513740841,field_e,South,
2024-12-01,0.4868322086338586,field_l,South,
2024-12-01,0.162000836785652,field_c,South,
2024-12-01,0.3871737072817968,field_f,South,
2024-12-01,0.6422812308216009,field_j,South,
2024-12-01,0.1688878427348749,field_g,South,
2024-12-01,0.4902041214415424,field_k,South,
2024-12-01,0.1828433734465126,field_b,South,
2024-12-01,0.4104473761112389,field_a,South,
2024-12-06,0.1828963885875022,field_e,South,
2024-12-06,0.4640961617008773,field_j,South,
2024-12-06,0.1583917340707814,field_g,South,
2024-12-06,0.3493725337749884,field_d,South,
2024-12-06,0.2539409195020816,field_l,South,
2024-12-06,0.1705169632534869,field_b,South,
2024-12-06,0.3224281084819291,field_i,South,
2024-12-06,0.5260945202234695,field_m,South,
2024-12-06,0.3876995293342622,field_a,South,
2024-12-06,0.1756081948453947,field_h,South,
2024-12-06,0.1529543991937403,field_c,South,
2024-12-06,0.3382670652330399,field_f,South,
2024-12-06,0.4383787666031413,field_k,South,
2024-12-11,0.1598215847897186,field_g,South,
2024-12-11,0.4459329572846908,field_j,South,
2024-12-11,0.4471558529348623,field_j,South,
2024-12-11,0.3987981956862217,field_f,South,
2024-12-11,0.1747997868798405,field_b,South,
2024-12-11,0.3966436787498309,field_f,South,
2024-12-11,0.1526034451260633,field_c,South,
2024-12-11,0.1550224212786932,field_c,South,
2024-12-11,0.3774878019586035,field_a,South,
2024-12-11,0.5099412529597692,field_k,South,
2024-12-11,0.5109392502320358,field_k,South,
2024-12-11,0.2478240024717818,field_l,South,
2024-12-11,0.2476015468478365,field_l,South,
2024-12-11,0.1600704580678667,field_g,South,
2024-12-11,0.174934384883415,field_b,South,
2024-12-11,0.5347833769006954,field_m,South,
2024-12-11,0.4631693500420222,field_d,South,
2024-12-11,0.5343180414933023,field_m,South,
2024-12-11,0.1993385445024411,field_e,South,
2024-12-11,0.2004903519621163,field_e,South,
2024-12-11,0.380886235449905,field_a,South,
2024-12-11,0.1736962675605339,field_h,South,
2024-12-11,0.1729647175095068,field_h,South,
2024-12-11,0.4628174768791238,field_d,South,
2024-12-11,0.240690779042746,field_i,South,
2024-12-11,0.2402797019632254,field_i,South,
2024-12-16,0.5194934501584588,field_m,South,
2024-12-16,0.4905855889097325,field_k,South,
2024-12-16,0.4272465611929282,field_f,South,
2024-12-16,0.5017678722743463,field_d,South,
2024-12-16,0.1582121726979652,field_g,South,
2024-12-16,0.2404576704864025,field_l,South,
2024-12-16,0.1761328704518888,field_b,South,
2024-12-16,0.2161058463921864,field_i,South,
2024-12-16,0.1670438209485391,field_h,South,
2024-12-16,0.1568619386850367,field_c,South,
2024-12-16,0.2024405627042835,field_a,South,
2024-12-16,0.2821514282687938,field_e,South,
2024-12-16,0.4053073221538008,field_j,South,
2025-01-25,0.1431733659363177,field_j,South,
2025-01-25,0.3386799336069659,field_i,South,
2025-01-25,0.685679431373888,field_d,South,
2025-01-25,0.8667411447083777,field_k,South,
2025-01-25,0.772539055887779,field_c,South,
2025-01-25,0.861849141236544,field_e,South,
2025-01-25,0.0685999457780145,field_b,South,
2025-01-25,0.8276032920948148,field_l,South,
2025-01-25,0.7053067063499083,field_h,South,
2025-01-25,0.5619673098049324,field_a,South,
2025-01-25,0.4916445614151616,field_m,South,
2025-01-25,0.7594277880151281,field_f,South,
2025-01-25,0.2463373985707727,field_g,South,
2025-01-30,0.6177778862048878,field_l,South,
2025-01-30,0.7468565355645789,field_h,South,
2025-01-30,0.2872560589345574,field_i,South,
2025-01-30,0.7452420091101034,field_a,South,
2025-01-30,0.2356163195969904,field_c,South,
2025-01-30,0.5524177020698483,field_d,South,
2025-01-30,0.5219209158094624,field_m,South,
2025-01-30,0.6447593601017312,field_f,South,
2025-01-30,0.842309915186674,field_k,South,
2025-01-30,0.8460344693444818,field_e,South,
2025-01-30,0.1980504168535591,field_g,South,
2025-01-30,0.7976105134251807,field_j,South,
2025-01-30,0.8636002996120289,field_b,South,
2025-03-06,0.257791165148204,field_g,South,
2025-03-06,0.4441005690848293,field_i,South,
2025-03-06,0.7791469756476241,field_e,South,
2025-03-06,0.7964189086701842,field_a,South,
2025-03-06,0.7823815861517917,field_d,South,
2025-03-06,0.8229251425762086,field_b,South,
2025-03-06,0.6008619624647945,field_m,South,
2025-03-06,0.6967153744603175,field_l,South,
2025-03-06,0.6886290557917015,field_f,South,
2025-03-06,0.6834709000489789,field_j,South,
2025-03-06,0.7448344866181119,field_h,South,
2025-03-06,0.6799749627356936,field_k,South,
2025-03-06,0.3247460930581859,field_c,South,
2025-04-02,0.7142790976433169,field_c,South,
2025-04-02,0.4384822048826587,field_g,South,
2025-04-02,0.5890995206855455,field_b,South,
2025-04-02,0.8276111721921258,field_i,South,
2025-04-02,0.5274365208449826,field_k,South,
2025-04-02,0.5223428525282839,field_a,South,
2025-04-02,0.479809036122318,field_h,South,
2025-04-02,0.6672600473156469,field_d,South,
2025-04-02,0.3331868859796696,field_j,South,
2025-04-02,0.5447250232219538,field_m,South,
2025-04-02,0.4190413065155982,field_l,South,
2025-04-02,0.4145090063420916,field_f,South,
2025-04-02,0.1819991616416767,field_e,South,
2025-04-10,0.7804159287620147,field_i,South,
2025-04-10,0.5606157538610279,field_g,South,
2025-04-10,0.3194641948970515,field_m,South,
2025-04-10,0.4543929301628713,field_k,South,
2025-04-10,0.5280118316141252,field_a,South,
2025-04-10,0.3908249559816235,field_h,South,
2025-04-10,0.5965205514603539,field_b,South,
2025-04-10,0.155391057810498,field_l,South,
2025-04-10,0.3320241620505113,field_f,South,
2025-04-10,0.7587137590317761,field_c,South,
2025-04-10,0.3742137215023597,field_j,South,
2025-04-10,0.1878321083801646,field_e,South,
2025-04-10,0.3474533942922821,field_d,South,
2025-04-15,0.7856630702352861,field_i,South,
2025-04-15,0.580667037308895,field_d,South,
2025-04-15,0.366357525639328,field_f,South,
2025-04-15,0.4966034056599517,field_b,South,
2025-04-15,0.3200266129301884,field_j,South,
2025-04-15,0.6158330441139762,field_g,South,
2025-04-15,0.4718567496776502,field_m,South,
2025-04-15,0.4163930242474807,field_h,South,
2025-04-15,0.2556494940637669,field_l,South,
2025-04-15,0.1966681255301534,field_e,South,
2025-04-15,0.6973300108510391,field_c,South,
2025-04-15,0.3834373111644874,field_a,South,
2025-04-15,0.4520667018247012,field_k,South,
2025-04-20,0.655738069110786,field_d,South,
2025-04-20,0.7176158287048884,field_c,South,
2025-04-20,0.5240473858493092,field_m,South,
2025-04-20,0.6914485121585752,field_g,South,
2025-04-20,0.4283208380476314,field_a,South,
2025-04-20,0.3122477731311691,field_j,South,
2025-04-20,0.3648605215139727,field_k,South,
2025-04-20,0.3617887834636889,field_f,South,
2025-04-20,0.4268589095513255,field_h,South,
2025-04-20,0.8250028029611883,field_i,South,
2025-04-20,0.3632301906415129,field_l,South,
2025-04-20,0.5017361161928502,field_b,South,
2025-04-20,0.1901110489295691,field_e,South,
2025-04-22,0.4620322533168839,field_b,South,
2025-04-22,0.8119994146981812,field_i,South,
2025-04-22,0.2886926595955193,field_j,South,
2025-04-22,0.3960198783050189,field_a,South,
2025-04-22,0.6846374349475969,field_g,South,
2025-04-22,0.4999093527771922,field_m,South,
2025-04-22,0.4003515038698743,field_h,South,
2025-04-22,0.333895337119113,field_f,South,
2025-04-22,0.6981177218288026,field_c,South,
2025-04-22,0.1839026466736001,field_e,South,
2025-04-22,0.6271186721070934,field_d,South,
2025-04-22,0.3387179975695706,field_l,South,
2025-04-22,0.3182057372865316,field_k,South,
2025-04-30,0.4605331633722421,field_b,South,
2025-04-30,0.4671091678551465,field_m,South,
2025-04-30,0.3459186881601944,field_h,South,
2025-04-30,0.6612183278152675,field_c,South,
2025-04-30,0.4089946978753441,field_a,South,
2025-04-30,0.2857900792575379,field_j,South,
2025-04-30,0.6147889856722876,field_d,South,
2025-04-30,0.1931753813081496,field_e,South,
2025-04-30,0.327602725654644,field_l,South,
2025-04-30,0.3558208574196472,field_f,South,
2025-04-30,0.3171173341463338,field_k,South,
2025-04-30,0.8071709308489596,field_i,South,
2025-04-30,0.7268147827474026,field_g,South,
2025-05-05,0.4421003652481227,field_m,South,
2025-05-05,0.1978969571842762,field_e,South,
2025-05-05,0.2699158886652641,field_h,South,
2025-05-05,0.7490738995411903,field_g,South,
2025-05-05,0.3300821644616993,field_k,South,
2025-05-05,0.4406753170939988,field_a,South,
2025-05-05,0.3706211150278216,field_f,South,
2025-05-05,0.2782073949440756,field_l,South,
2025-05-05,0.2950823974109308,field_j,South,
2025-05-05,0.8067181627046247,field_i,South,
2025-05-05,0.6221586960883245,field_d,South,
2025-05-05,0.4731022445211358,field_b,South,
2025-05-05,0.6544561987052728,field_c,South,
2025-05-10,0.3410949335473291,field_k,South,
2025-05-10,0.6027410356028954,field_d,South,
2025-05-10,0.4650193356749596,field_b,South,
2025-05-10,0.3002179466841218,field_j,South,
2025-05-10,0.2620332431755571,field_l,South,
2025-05-10,0.6178712035454925,field_c,South,
2025-05-10,0.2076104661015526,field_e,South,
2025-05-10,0.4068440076595032,field_m,South,
2025-05-10,0.3795607842075947,field_f,South,
2025-05-10,0.263735273359277,field_h,South,
2025-05-10,0.7435910523530914,field_g,South,
2025-05-10,0.7981989517829815,field_i,South,
2025-05-10,0.4545635807878072,field_a,South,
2025-05-20,0.2464121656990344,field_l,South,
2025-05-20,0.3060190022417707,field_f,South,
2025-05-20,0.4098636506484161,field_b,South,
2025-05-20,0.7028050107691801,field_g,South,
2025-05-20,0.5570821180523048,field_d,South,
2025-05-20,0.3235959690078251,field_m,South,
2025-05-20,0.3315076482978902,field_k,South,
2025-05-20,0.4406462204818353,field_a,South,
2025-05-20,0.7739027241269824,field_i,South,
2025-05-20,0.2044456813087512,field_e,South,
2025-05-20,0.2571957166135712,field_h,South,
2025-05-20,0.2682785902724383,field_j,South,
2025-05-20,0.559842903629502,field_c,South,
2025-05-25,0.3919100811356503,field_b,South,
2025-05-25,0.6648329553959504,field_g,South,
2025-05-25,0.3029083166966378,field_m,South,
2025-05-25,0.2150297814797763,field_e,South,
2025-05-25,0.5472109678959924,field_d,South,
2025-05-25,0.3020820039065849,field_f,South,
2025-05-25,0.266768402101815,field_j,South,
2025-05-25,0.526592516639518,field_c,South,
2025-05-25,0.2549060808540653,field_l,South,
2025-05-25,0.3398112303282474,field_k,South,
2025-05-25,0.267630694882751,field_h,South,
2025-05-25,0.4228737515220724,field_a,South,
2025-05-25,0.7604030045992414,field_i,South,
2025-05-30,0.2496003790151177,field_l,South,
2025-05-30,0.2789951978740917,field_f,South,
2025-05-30,0.3582117125696795,field_b,South,
2025-05-30,0.6193702090915472,field_g,South,
2025-05-30,0.2172576422943925,field_e,South,
2025-05-30,0.3736664776706251,field_a,South,
2025-05-30,0.2737719825060763,field_m,South,
2025-05-30,0.2621240579554054,field_h,South,
2025-05-30,0.2559292367224164,field_j,South,
2025-05-30,0.4800345631447971,field_c,South,
2025-05-30,0.5098782859224509,field_d,South,
2025-05-30,0.3228013928926287,field_k,South,
2025-05-30,0.7300898031145256,field_i,South,
2025-06-01,0.2137425763002782,field_e,South,
2025-06-01,0.3185765405528054,field_k,South,
2025-06-01,0.4660945966336424,field_c,South,
2025-06-01,0.3493479717840342,field_b,South,
2025-06-01,0.269512259392954,field_f,South,
2025-06-01,0.3648688362654133,field_a,South,
2025-06-01,0.2646956298109552,field_m,South,
2025-06-01,0.2584597873479502,field_h,South,
2025-06-01,0.249089876904961,field_j,South,
2025-06-01,0.2453450228739439,field_l,South,
2025-06-01,0.4987687923934746,field_d,South,
2025-06-01,0.7221617433433829,field_i,South,
2025-06-01,0.6047433992273316,field_g,South,
2025-06-04,0.4443859281583975,field_c,South,
2025-06-04,0.2487274219003545,field_j,South,
2025-06-04,0.341011585288611,field_b,South,
2025-06-04,0.5978883349024811,field_g,South,
2025-06-04,0.2651759206360741,field_m,South,
2025-06-04,0.4847919525114052,field_d,South,
2025-06-04,0.2448977908056951,field_l,South,
2025-06-04,0.3493593104571503,field_a,South,
2025-06-04,0.2720438010556551,field_h,South,
2025-06-04,0.2665771315134967,field_f,South,
2025-06-04,0.7204532370340642,field_i,South,
2025-06-04,0.3145654819135697,field_k,South,
2025-06-04,0.2187019610116092,field_e,South,
2025-06-09,0.2356226862051885,field_m,South,
2025-06-09,0.2285229932305493,field_l,South,
2025-06-09,0.3152203339399433,field_a,South,
2025-06-09,0.2901543870995481,field_k,South,
2025-06-09,0.309337042538338,field_b,South,
2025-06-09,0.4101197561293553,field_c,South,
2025-06-09,0.2290416388759248,field_j,South,
2025-06-09,0.241175217511602,field_f,South,
2025-06-09,0.2511445259648701,field_h,South,
2025-06-09,0.204487000630125,field_e,South,
2025-06-09,0.6793387341174744,field_i,South,
2025-06-09,0.4271763868344856,field_d,South,
2025-06-09,0.5441700879023224,field_g,South,
2025-06-19,0.2074974195251626,field_h,South,
2025-06-19,0.267395194987431,field_c,South,
2025-06-19,0.0946180092848766,field_l,South,
2025-06-19,0.2351732238150163,field_k,South,
2025-06-19,0.1822532939665642,field_a,South,
2025-06-19,0.091389905092914,field_j,South,
2025-06-19,0.1465741606713898,field_d,South,
2025-06-19,0.2250945961240038,field_m,South,
2025-06-19,0.2208946983819052,field_g,South,
2025-06-19,0.0988334521479572,field_e,South,
2025-06-19,0.1720607331777355,field_f,South,
2025-06-19,0.0266066956633298,field_i,South,
2025-06-19,0.1715969391025668,field_b,South,
2025-06-21,0.2374905804770163,field_j,South,
2025-06-21,0.3116068990941792,field_b,South,
2025-06-21,0.2519003204071687,field_h,South,
2025-06-21,0.6237444368728653,field_i,South,
2025-06-21,0.4176491884296825,field_d,South,
2025-06-21,0.2256612326883017,field_e,South,
2025-06-21,0.472450722970731,field_g,South,
2025-06-21,0.2467627483905087,field_m,South,
2025-06-21,0.2908774825013744,field_k,South,
2025-06-21,0.4158096688627009,field_c,South,
2025-06-21,0.2507300491915761,field_f,South,
2025-06-21,0.238483141795428,field_l,South,
2025-06-21,0.3219891838508888,field_a,South,
2025-06-24,0.2773529270667288,field_k,South,
2025-06-24,0.2281065395237246,field_l,South,
2025-06-24,0.2967273844101903,field_a,South,
2025-06-24,0.2412234663340147,field_h,South,
2025-06-24,0.2931193220998648,field_b,South,
2025-06-24,0.225848958134066,field_j,South,
2025-06-24,0.2378914560443852,field_f,South,
2025-06-24,0.4477458396737037,field_g,South,
2025-06-24,0.3979870861353814,field_c,South,
2025-06-24,0.555318166224942,field_i,South,
2025-06-24,0.2314037599481584,field_m,South,
2025-06-24,0.3971576423061978,field_d,South,
2025-06-24,0.2171459090871156,field_e,South,
2025-06-29,0.2168933857094608,field_j,South,
2025-06-29,0.3808572935634791,field_d,South,
2025-06-29,0.2620484160730582,field_k,South,
2025-06-29,0.3885625675657291,field_c,South,
2025-06-29,0.4011799242636498,field_i,South,
2025-06-29,0.2863075365149765,field_a,South,
2025-06-29,0.2170140658026451,field_l,South,
2025-06-29,0.2087237811187127,field_e,South,
2025-06-29,0.2312198185329591,field_h,South,
2025-06-29,0.2816170314152755,field_b,South,
2025-06-29,0.2279961875637804,field_f,South,
2025-06-29,0.4219697605668143,field_g,South,
2025-06-29,0.2159544490304563,field_m,South,
2025-07-04,0.2721805351779986,field_a,South,
2025-07-04,0.2074596366874086,field_e,South,
2025-07-04,0.2464590902381411,field_k,South,
2025-07-04,0.3057865327039806,field_i,South,
2025-07-04,0.3692419130953717,field_d,South,
2025-07-04,0.207247809802788,field_m,South,
2025-07-04,0.4023437458357023,field_g,South,
2025-07-04,0.2708334968284758,field_b,South,
2025-07-04,0.2173730724443011,field_f,South,
2025-07-04,0.2081470534810981,field_j,South,
2025-07-04,0.2069571107680108,field_l,South,
2025-07-04,0.3953743610751879,field_c,South,
2025-07-04,0.2202324902896148,field_h,South,
2025-07-09,0.2206618731180663,field_i,South,
2025-07-09,0.2257908279547617,field_f,South,
2025-07-09,0.2767578774747367,field_a,South,
2025-07-09,0.2493057746803744,field_k,South,
2025-07-09,0.2165407037238153,field_e,South,
2025-07-09,0.2113012656553337,field_m,South,
2025-07-09,0.4011265973100476,field_g,South,
2025-07-09,0.2695917758530298,field_b,South,
2025-07-09,0.3397801550294085,field_d,South,
2025-07-09,0.2145974497969661,field_j,South,
2025-07-09,0.2544023572840649,field_c,South,
2025-07-09,0.2249173785450236,field_h,South,
2025-07-09,0.2134762988485158,field_l,South,
2025-07-11,0.2292108206717291,field_h,South,
2025-07-11,0.2179640757978153,field_l,South,
2025-07-11,0.2717122396842742,field_b,South,
2025-07-11,0.2481717333861617,field_k,South,
2025-07-11,0.2784259391172987,field_a,South,
2025-07-11,0.227856439775266,field_i,South,
2025-07-11,0.2224495552973598,field_e,South,
2025-07-11,0.2203319187482208,field_j,South,
2025-07-11,0.2289046929021999,field_f,South,
2025-07-11,0.2459700567769837,field_c,South,
2025-07-11,0.333220686260944,field_d,South,
2025-07-11,0.4028214216866205,field_g,South,
2025-07-11,0.2153637833137064,field_m,South,
2025-07-14,0.2146440858292171,field_f,South,
2025-07-14,0.2036092154052053,field_l,South,
2025-07-14,0.214667857085906,field_h,South,
2025-07-14,0.2312754741476715,field_k,South,
2025-07-14,0.308250254857608,field_d,South,
2025-07-14,0.225035707219183,field_c,South,
2025-07-14,0.3858007396655286,field_g,South,
2025-07-14,0.2068034737577107,field_i,South,
2025-07-14,0.199794781823904,field_m,South,
2025-07-14,0.2579906357075066,field_b,South,
2025-07-14,0.2102439559033884,field_e,South,
2025-07-14,0.2068359854533809,field_j,South,
2025-07-14,0.2646193880883884,field_a,South,
2025-07-24,0.1924989590473411,field_m,South,
2025-07-24,0.2092292760123021,field_f,South,
2025-07-24,0.2042229384450795,field_l,South,
2025-07-24,0.2154016450869542,field_e,South,
2025-07-24,0.2154827610911422,field_h,South,
2025-07-24,0.224360628689937,field_k,South,
2025-07-24,0.2558669580786246,field_a,South,
2025-07-24,0.2909345323094817,field_d,South,
2025-07-24,0.2199200163876928,field_c,South,
2025-07-24,0.2468729779130637,field_b,South,
2025-07-24,0.3779137551813726,field_g,South,
2025-07-24,0.1963257571641104,field_j,South,
2025-07-24,0.1832988195446609,field_i,South,
2025-07-29,0.2894849777641126,field_d,South,
2025-07-29,0.2238111664731246,field_f,South,
2025-07-29,0.2102322506771385,field_j,South,
2025-07-29,0.2153962403649386,field_i,South,
2025-07-29,0.2234565338644472,field_h,South,
2025-07-29,0.2610223154319666,field_b,South,
2025-07-29,0.2326013997513427,field_k,South,
2025-07-29,0.2298355684531803,field_c,South,
2025-07-29,0.2297554200290398,field_e,South,
2025-07-29,0.2032408490008912,field_m,South,
2025-07-29,0.2642344824965415,field_a,South,
2025-07-29,0.3896070248046975,field_g,South,
2025-07-29,0.2129315667853248,field_l,South,
2025-07-31,0.1990292918990807,field_m,South,
2025-07-31,0.2176675599057402,field_h,South,
2025-07-31,0.3798118444355733,field_g,South,
2025-07-31,0.2089612939960133,field_j,South,
2025-07-31,0.2550715727132849,field_b,South,
2025-07-31,0.2268982990815302,field_c,South,
2025-07-31,0.2237480550875278,field_e,South,
2025-07-31,0.2195827241531171,field_f,South,
2025-07-31,0.257889695188318,field_a,South,
2025-07-31,0.2133312624616711,field_i,South,
2025-07-31,0.2696684097079286,field_d,South,
2025-07-31,0.2057280336756612,field_l,South,
2025-07-31,0.2195127483701899,field_k,South,
2025-08-03,0.2051774277814194,field_f,South,
2025-08-03,0.2498627955337884,field_a,South,
2025-08-03,0.196213598567887,field_j,South,
2025-08-03,0.1840549575887516,field_m,South,
2025-08-03,0.1881902769235826,field_i,South,
2025-08-03,0.2514424985472491,field_d,South,
2025-08-03,0.2401708233134065,field_b,South,
2025-08-03,0.2085061524172603,field_e,South,
2025-08-03,0.1903117709239713,field_l,South,
2025-08-03,0.2119145895853435,field_c,South,
2025-08-03,0.2044333086725063,field_h,South,
2025-08-03,0.202114284669572,field_k,South,
2025-08-03,0.3533473398990575,field_g,South,
2025-08-08,0.1322048978485987,field_i,South,
2025-08-08,0.1941196913572595,field_h,South,
2025-08-08,0.2104314259617088,field_g,South,
2025-08-08,0.1361829275703286,field_f,South,
2025-08-08,0.1794492157974143,field_j,South,
2025-08-08,0.2294676941550358,field_d,South,
2025-08-08,0.1761190249470259,field_l,South,
2025-08-08,0.16299651785726,field_m,South,
2025-08-08,0.0644591865896195,field_a,South,
2025-08-08,0.1904799341312376,field_k,South,
2025-08-08,0.217580303690905,field_b,South,
2025-08-08,0.1075467824158552,field_e,South,
2025-08-08,0.1100181878462236,field_c,South,
2025-08-13,0.178061814479978,field_c,South,
2025-08-13,0.1774090575624059,field_j,South,
2025-08-13,0.1569886616831663,field_m,South,
2025-08-13,0.2592821545224025,field_a,South,
2025-08-13,0.1849235088337209,field_h,South,
2025-08-13,0.1668300024577762,field_i,South,
2025-08-13,0.2256471069372271,field_d,South,
2025-08-13,0.1655519456477474,field_l,South,
2025-08-13,0.1815278370201055,field_k,South,
2025-08-13,0.2298927675950027,field_b,South,
2025-08-13,0.191822868634256,field_e,South,
2025-08-13,0.341663223294581,field_g,South,
2025-08-13,0.196516458880224,field_f,South,
2025-08-20,0.3263868030454572,field_a,South,
2025-08-20,0.1817676481340102,field_l,South,
2025-08-20,0.1743651218337013,field_m,South,
2025-08-20,0.2050583588149574,field_g,South,
2025-08-20,0.2639304071307263,field_f,South,
2025-08-20,0.2186928893779898,field_h,South,
2025-08-20,0.210940029383933,field_e,South,
2025-08-20,0.2040552498914494,field_k,South,
2025-08-20,0.1840814857098073,field_i,South,
2025-08-20,0.2321529847546582,field_d,South,
2025-08-20,0.1880051101484137,field_c,South,
2025-08-20,0.2296325359827652,field_j,South,
2025-08-20,0.258935351103483,field_b,South,
2025-08-23,0.2773638164675686,field_b,South,
2025-08-23,0.1981657708346903,field_c,South,
2025-08-23,0.2158323967297394,field_k,South,
2025-08-23,0.2425892539944712,field_h,South,
2025-08-23,0.1965188668129522,field_l,South,
2025-08-23,0.2081576212249832,field_g,South,
2025-08-23,0.2633689676590858,field_j,South,
2025-08-23,0.3487249201672085,field_a,South,
2025-08-23,0.1889215336695235,field_i,South,
2025-08-23,0.1935999600140763,field_m,South,
2025-08-23,0.2250225258111874,field_e,South,
2025-08-23,0.2894143444616535,field_f,South,
2025-08-23,0.2424639423816951,field_d,South,
2025-08-28,0.384799043540114,field_a,South,
2025-08-28,0.2110135579134456,field_m,South,
2025-08-28,0.2055297029655934,field_c,South,
2025-08-28,0.2967632438753018,field_b,South,
2025-08-28,0.3086329379155239,field_f,South,
2025-08-28,0.2900354988780497,field_j,South,
2025-08-28,0.2207969485312679,field_k,South,
2025-08-28,0.2377779580821065,field_e,South,
2025-08-28,0.2013531172751914,field_g,South,
2025-08-28,0.1867803640502515,field_i,South,
2025-08-28,0.2134339571557673,field_l,South,
2025-08-28,0.2562301653094167,field_d,South,
2025-08-28,0.2663071584736784,field_h,South,
2025-09-02,0.0257441925643886,field_i,South,
2025-09-02,0.2449886744743392,field_d,South,
2025-09-02,0.1895833531372015,field_l,South,
2025-09-02,0.1338241499752585,field_a,South,
2025-09-02,0.0675299723173008,field_f,South,
2025-09-02,0.1234087286740714,field_g,South,
2025-09-02,0.1894837844829321,field_c,South,
2025-09-02,0.1127300874616909,field_k,South,
2025-09-02,0.0699124031922877,field_b,South,
2025-09-02,0.1790400667834963,field_j,South,
2025-09-02,0.1452802832994283,field_m,South,
2025-09-02,0.2117438769371048,field_e,South,
2025-09-02,0.2256055848389594,field_h,South,
2025-09-09,0.2538266032536395,field_h,South,
2025-09-09,0.297848323748092,field_b,South,
2025-09-09,0.2173489447636671,field_l,South,
2025-09-09,0.2056725205923718,field_k,South,
2025-09-09,0.2227367313790034,field_m,South,
2025-09-09,0.2381551966729338,field_j,South,
2025-09-09,0.1826658594018793,field_g,South,
2025-09-09,0.1725869759960761,field_i,South,
2025-09-09,0.2209920259410473,field_c,South,
2025-09-09,0.3788526448436582,field_a,South,
2025-09-09,0.2657170852640282,field_d,South,
2025-09-09,0.2724768241187931,field_f,South,
2025-09-09,0.2472758971943364,field_e,South,
2025-09-12,0.1837804548380766,field_g,South,
2025-09-12,0.2233789450610594,field_m,South,
2025-09-12,0.2125684160321398,field_l,South,
2025-09-12,0.3622405328625093,field_a,South,
2025-09-12,0.229282842964655,field_h,South,
2025-09-12,0.2471105623633183,field_e,South,
2025-09-12,0.2259438278590956,field_j,South,
2025-09-12,0.2918917836360714,field_b,South,
2025-09-12,0.2687093969656343,field_d,South,
2025-09-12,0.1737876115166726,field_i,South,
2025-09-12,0.2026262198778782,field_k,South,
2025-09-12,0.2228867838253692,field_c,South,
2025-09-12,0.2563440396274338,field_f,South,
2025-09-17,0.2432313219929215,field_f,South,
2025-09-17,0.2708038573760501,field_d,South,
2025-09-17,0.218796647914827,field_c,South,
2025-09-17,0.216991715130223,field_j,South,
2025-09-17,0.2089909524509479,field_h,South,
2025-09-17,0.2006245947119893,field_k,South,
2025-09-17,0.2500588836216262,field_e,South,
2025-09-17,0.1827166974723842,field_i,South,
2025-09-17,0.2300057243785016,field_m,South,
2025-09-17,0.2106018572106576,field_l,South,
2025-09-17,0.2769082405126651,field_b,South,
2025-09-17,0.1821331402703482,field_g,South,
2025-09-17,0.3368737020819894,field_a,South,
2025-09-22,0.2414226436357427,field_m,South,
2025-09-22,0.2104791157444133,field_j,South,
2025-09-22,0.2302336148215317,field_f,South,
2025-09-22,0.249281670961275,field_e,South,
2025-09-22,0.1789935245761727,field_g,South,
2025-09-22,0.1947992263755839,field_h,South,
2025-09-22,0.200541796504505,field_l,South,
2025-09-22,0.272820095581504,field_d,South,
2025-09-22,0.1954887727890874,field_k,South,
2025-09-22,0.2704276194849021,field_b,South,
2025-09-22,0.2177652631355232,field_c,South,
2025-09-22,0.3116564321104439,field_a,South,
2025-09-22,0.1801831194683437,field_i,South,
2025-10-02,0.2481201884077957,field_m,South,
2025-10-02,0.268158088911145,field_e,South,
2025-10-02,0.182524343399647,field_g,South,
2025-10-02,0.3070395725355681,field_a,South,
2025-10-02,0.2211160931321119,field_f,South,
2025-10-02,0.1788491668510633,field_h,South,
2025-10-02,0.1912613105897548,field_l,South,
2025-10-02,0.1901288500098878,field_k,South,
2025-10-02,0.2679382154791422,field_b,South,
2025-10-02,0.2244349251555096,field_c,South,
2025-10-02,0.1993733128592865,field_j,South,
2025-10-02,0.1996545920971141,field_i,South,
2025-10-02,0.2806161502321621,field_d,South,
2025-10-07,0.2084331748687143,field_m,South,
2025-10-07,0.1882133186610963,field_f,South,
2025-10-07,0.1615365184531584,field_g,South,
2025-10-07,0.2017888278699551,field_c,South,
2025-10-07,0.1771744455231645,field_j,South,
2025-10-07,0.1684848297358111,field_i,South,
2025-10-07,0.1721924139748733,field_l,South,
2025-10-07,0.167325128284921,field_k,South,
2025-10-07,0.2435561400176966,field_d,South,
2025-10-07,0.2423853789155849,field_e,South,
2025-10-07,0.228427184516129,field_b,South,
2025-10-07,0.1591397017685019,field_h,South,
2025-10-07,0.2488507065918833,field_a,South,
2025-10-12,0.1686450701024264,field_k,South,
2025-10-12,0.200280525584894,field_c,South,
2025-10-12,0.1621719305577822,field_g,South,
2025-10-12,0.1778846101392959,field_j,South,
2025-10-12,0.2116588763060639,field_b,South,
2025-10-12,0.1741239211834553,field_l,South,
2025-10-12,0.186453057820263,field_f,South,
2025-10-12,0.1649092671081678,field_h,South,
2025-10-12,0.2376840489105056,field_d,South,
2025-10-12,0.1869808253027303,field_a,South,
2025-10-12,0.1609625300157628,field_i,South,
2025-10-12,0.2061712121149962,field_m,South,
2025-10-12,0.2392184081481165,field_e,South,
2025-10-19,0.1713438306086615,field_l,South,
2025-10-19,0.2873219117639288,field_d,South,
2025-10-19,0.2058730278735121,field_k,South,
2025-10-19,0.2177198354046098,field_m,South,
2025-10-19,0.1967275766939801,field_c,South,
2025-10-19,0.1520977682219965,field_g,South,
2025-10-19,0.3657807464456152,field_a,South,
2025-10-19,0.2636648907271313,field_f,South,
2025-10-19,0.2427220614009508,field_j,South,
2025-10-19,0.2845344709966794,field_e,South,
2025-10-19,0.2970198090999473,field_b,South,
2025-10-19,0.2125856022909646,field_h,South,
2025-10-19,0.1572335194984762,field_i,South,
2025-11-01,0.2853469745919056,field_b,South,
2025-11-01,0.3742489980994162,field_e,South,
2025-11-01,0.2646461317323784,field_h,South,
2025-11-01,0.2400684514718211,field_m,South,
2025-11-01,0.2626488474865311,field_j,South,
2025-11-01,0.1914009461537468,field_c,South,
2025-11-01,0.2245654512267056,field_k,South,
2025-11-01,0.3120905663637947,field_f,South,
2025-11-01,0.3151385028243285,field_d,South,
2025-11-01,0.317772452826203,field_a,South,
2025-11-01,0.1730361719570524,field_i,South,
2025-11-01,0.1820062220999473,field_g,South,
2025-11-01,0.1834789716895657,field_l,South,
2025-11-21,0.2643037255705822,field_l,South,
2025-11-21,0.4269466933793008,field_b,South,
2025-11-21,0.5071860303981598,field_a,South,
2025-11-21,0.4102760070158888,field_g,South,
2025-11-21,0.3788158584284948,field_j,South,
2025-11-21,0.1546302190066488,field_i,South,
2025-11-21,0.285444941169285,field_h,South,
2025-11-21,0.1521414545764221,field_c,South,
2025-11-21,0.5533813896947204,field_e,South,
2025-11-21,0.2678227687605015,field_d,South,
2025-11-21,0.3844181630067786,field_k,South,
2025-11-21,0.3352405752259312,field_m,South,
2025-11-21,0.4634009722148337,field_f,South,
2025-12-06,0.7311545658915984,field_e,South,
2025-12-06,0.6057407560029981,field_i,South,
2025-12-06,0.5717004821482912,field_m,South,
2025-12-06,0.4055474723222198,field_d,South,
2025-12-06,0.4830640556032622,field_h,South,
2025-12-06,0.6253375500460409,field_f,South,
2025-12-06,0.7458830656413673,field_g,South,
2025-12-06,0.649287404287527,field_j,South,
2025-12-06,0.5721195484866084,field_l,South,
2025-12-06,0.3560078023573813,field_c,South,
2025-12-06,0.5925227811200647,field_k,South,
2025-12-06,0.6923791034214886,field_a,South,
2025-12-06,0.6779275499761448,field_b,South,
2025-12-16,0.8173217615708883,field_g,South,
2025-12-16,0.5604940729262727,field_l,South,
2025-12-16,0.6755714924188618,field_k,South,
2025-12-16,0.5281386872334107,field_d,South,
2025-12-16,0.8419090622937583,field_i,South,
2025-12-16,0.7194911288271789,field_a,South,
2025-12-16,0.5938455499426146,field_f,South,
2025-12-16,0.7441448755773276,field_e,South,
2025-12-16,0.606910006079839,field_h,South,
2025-12-16,0.137532013686772,field_c,South,
2025-12-16,0.6770958578517694,field_j,South,
2025-12-16,0.7127711532978637,field_b,South,
2025-12-16,0.448394470236798,field_m,South,
2025-01-25,0.5461196941220611,northen_field_k_2025,North,2025
2025-01-25,0.174216860430706,northen_field_i_2025,North,2025
2025-01-25,0.3500753419668256,northen_field_f_2025,North,2025
2025-01-25,0.4932230501404266,northen_field_d_2025,North,2025
2025-01-25,0.6284183470772341,northen_field_c_2025,North,2025
2025-01-25,0.163346588565943,northen_field_j_2025,North,2025
2025-01-25,0.1697146873879212,northen_field_b_2025,North,2025
2025-01-25,0.7253718697331455,northen_field_g_2025,North,2025
2025-01-25,0.6088146762383876,northen_field_l_2025,North,2025
2025-01-25,0.2991165186439495,northen_field_m_2025,North,2025
2025-01-25,0.1608663920226379,northen_field_a_2025,North,2025
2025-01-25,0.1968896267869838,northen_field_h_2025,North,2025
2025-01-25,0.7253718697331455,northen_field_f_2025,North,2025
2025-01-30,0.714628615613301,northen_field_f_2025,North,2025
2025-01-30,0.7000084934475663,northen_field_d_2025,North,2025
2025-01-30,0.6586215614152399,northen_field_c_2025,North,2025
2025-01-30,0.1995329476407857,northen_field_m_2025,North,2025
2025-01-30,0.1966545185867188,northen_field_h_2025,North,2025
2025-01-30,0.6649938559298011,northen_field_g_2025,North,2025
2025-01-30,0.1524960899567635,northen_field_j_2025,North,2025
2025-01-30,0.4765307585147897,northen_field_l_2025,North,2025
2025-01-30,0.1544875126308422,northen_field_b_2025,North,2025
2025-01-30,0.1578669138166306,northen_field_i_2025,North,2025
2025-01-30,0.3681757874226068,northen_field_k_2025,North,2025
2025-01-30,0.1514360689508812,northen_field_a_2025,North,2025
2025-01-30,0.6649938559298011,northen_field_f_2025,North,2025
2025-03-06,0.1657974463889101,northen_field_l_2025,North,2025
2025-03-06,0.3704630012033351,northen_field_f_2025,North,2025
2025-03-06,0.2800784780832373,northen_field_d_2025,North,2025
2025-03-06,0.1820502622658674,northen_field_k_2025,North,2025
2025-03-06,0.3507878360064932,northen_field_c_2025,North,2025
2025-03-06,0.2406961859889337,northen_field_a_2025,North,2025
2025-03-06,0.3657726470736517,northen_field_f_2025,North,2025
2025-03-06,0.2116986167618591,northen_field_h_2025,North,2025
2025-03-06,0.3657726470736517,northen_field_g_2025,North,2025
2025-03-06,0.1622652267356798,northen_field_m_2025,North,2025
2025-03-06,0.2110392544458272,northen_field_i_2025,North,2025
2025-03-06,0.210502976925192,northen_field_j_2025,North,2025
2025-03-06,0.1737767067654268,northen_field_b_2025,North,2025
2025-04-02,0.185909771616868,northen_field_h_2025,North,2025
2025-04-02,0.8170306358804779,northen_field_a_2025,North,2025
2025-04-02,0.147865191834753,northen_field_c_2025,North,2025
2025-04-02,0.1881916864219913,northen_field_i_2025,North,2025
2025-04-02,0.1628049539638531,northen_field_m_2025,North,2025
2025-04-02,0.1642710345153922,northen_field_d_2025,North,2025
2025-04-02,0.1637461628328388,northen_field_f_2025,North,2025
2025-04-02,0.1841751008376355,northen_field_f_2025,North,2025
2025-04-02,0.1594364309570804,northen_field_l_2025,North,2025
2025-04-02,0.675418983174292,northen_field_b_2025,North,2025
2025-04-02,0.2076107144604488,northen_field_j_2025,North,2025
2025-04-02,0.1637461628328388,northen_field_g_2025,North,2025
2025-04-02,0.1674633501117926,northen_field_k_2025,North,2025
2025-04-10,0.2986517415005854,northen_field_l_2025,North,2025
2025-04-10,0.8213140895950369,northen_field_a_2025,North,2025
2025-04-10,0.2214201361952705,northen_field_i_2025,North,2025
2025-04-10,0.8084198352822799,northen_field_b_2025,North,2025
2025-04-10,0.2792434101964427,northen_field_j_2025,North,2025
2025-04-10,0.1677956928737957,northen_field_m_2025,North,2025
2025-04-10,0.2031404357072587,northen_field_h_2025,North,2025
2025-04-10,0.1879968823787312,northen_field_k_2025,North,2025
2025-04-10,0.1778663221917428,northen_field_g_2025,North,2025
2025-04-10,0.1454119005068122,northen_field_d_2025,North,2025
2025-04-10,0.1860032010709232,northen_field_f_2025,North,2025
2025-04-10,0.1488408846369563,northen_field_c_2025,North,2025
2025-04-10,0.1778663221917428,northen_field_f_2025,North,2025
2025-04-15,0.1874410000226936,northen_field_m_2025,North,2025
2025-04-15,0.2561826801626632,northen_field_i_2025,North,2025
2025-04-15,0.4793484161103034,northen_field_l_2025,North,2025
2025-04-15,0.7493839483148373,northen_field_b_2025,North,2025
2025-04-15,0.7804857911500602,northen_field_a_2025,North,2025
2025-04-15,0.3515239159679389,northen_field_j_2025,North,2025
2025-04-15,0.1521471715775953,northen_field_f_2025,North,2025
2025-04-15,0.1371910508679958,northen_field_c_2025,North,2025
2025-04-15,0.1680921534078076,northen_field_g_2025,North,2025
2025-04-15,0.2272100591602601,northen_field_h_2025,North,2025
2025-04-15,0.1680921534078076,northen_field_f_2025,North,2025
2025-04-15,0.272652006240403,northen_field_k_2025,North,2025
2025-04-15,0.140194450197724,northen_field_d_2025,North,2025
2025-04-20,0.762960105948969,northen_field_a_2025,North,2025
2025-04-20,0.1792418108430917,northen_field_f_2025,North,2025
2025-04-20,0.4051250673299858,northen_field_k_2025,North,2025
2025-04-20,0.1622885185629099,northen_field_d_2025,North,2025
2025-04-20,0.194047373257212,northen_field_m_2025,North,2025
2025-04-20,0.7488048494804308,northen_field_b_2025,North,2025
2025-04-20,0.4148445328492057,northen_field_j_2025,North,2025
2025-04-20,0.147536748745719,northen_field_c_2025,North,2025
2025-04-20,0.1853500171892189,northen_field_f_2025,North,2025
2025-04-20,0.290553936509926,northen_field_h_2025,North,2025
2025-04-20,0.1792418108430917,northen_field_g_2025,North,2025
2025-04-20,0.3605616736197219,northen_field_i_2025,North,2025
2025-04-20,0.7075695087075228,northen_field_l_2025,North,2025
2025-04-22,0.1620996758344086,northen_field_d_2025,North,2025
2025-04-22,0.1363976047839132,northen_field_c_2025,North,2025
2025-04-22,0.2382048717223588,northen_field_m_2025,North,2025
2025-04-22,0.1743583180319144,northen_field_g_2025,North,2025
2025-04-22,0.4055363764406895,northen_field_j_2025,North,2025
2025-04-22,0.7487678158601252,northen_field_a_2025,North,2025
2025-04-22,0.4842523457626124,northen_field_k_2025,North,2025
2025-04-22,0.1743583180319144,northen_field_f_2025,North,2025
2025-04-22,0.1661579326233316,northen_field_f_2025,North,2025
2025-04-22,0.3137897190832818,northen_field_i_2025,North,2025
2025-04-22,0.7267643514845069,northen_field_b_2025,North,2025
2025-04-22,0.3210959065052839,northen_field_h_2025,North,2025
2025-04-22,0.7564159207715673,northen_field_l_2025,North,2025
2025-04-30,0.3863775630797886,northen_field_i_2025,North,2025
2025-04-30,0.4511979772734573,northen_field_h_2025,North,2025
2025-04-30,0.1675967867811914,northen_field_c_2025,North,2025
2025-04-30,0.6410972021050638,northen_field_k_2025,North,2025
2025-04-30,0.2272364175851509,northen_field_d_2025,North,2025
2025-04-30,0.7929486959595133,northen_field_l_2025,North,2025
2025-04-30,0.2442536767258438,northen_field_f_2025,North,2025
2025-04-30,0.6920419217785644,northen_field_a_2025,North,2025
2025-04-30,0.6187610937184306,northen_field_m_2025,North,2025
2025-04-30,0.2442536767258438,northen_field_g_2025,North,2025
2025-04-30,0.6730353009301462,northen_field_b_2025,North,2025
2025-04-30,0.5796379724827322,northen_field_j_2025,North,2025
2025-04-30,0.21906670953897,northen_field_f_2025,North,2025
2025-05-05,0.4323094757607643,northen_field_i_2025,North,2025
2025-05-05,0.2735829431107486,northen_field_f_2025,North,2025
2025-05-05,0.8471076484101608,northen_field_l_2025,North,2025
2025-05-05,0.7957929771772214,northen_field_m_2025,North,2025
2025-05-05,0.3672636637513629,northen_field_g_2025,North,2025
2025-05-05,0.221370132901091,northen_field_c_2025,North,2025
2025-05-05,0.5487757726536178,northen_field_h_2025,North,2025
2025-05-05,0.6836058950301899,northen_field_b_2025,North,2025
2025-05-05,0.6464362656397601,northen_field_j_2025,North,2025
2025-05-05,0.7371665643020988,northen_field_k_2025,North,2025
2025-05-05,0.297363907385046,northen_field_d_2025,North,2025
2025-05-05,0.7244181120485165,northen_field_a_2025,North,2025
2025-05-05,0.3672636637513629,northen_field_f_2025,North,2025
2025-05-10,0.6841581838568179,northen_field_h_2025,North,2025
2025-05-10,0.8540458430133011,northen_field_l_2025,North,2025
2025-05-10,0.8657106691483168,northen_field_m_2025,North,2025
2025-05-10,0.4586419442593146,northen_field_d_2025,North,2025
2025-05-10,0.4968081000904924,northen_field_g_2025,North,2025
2025-05-10,0.6680374841612963,northen_field_b_2025,North,2025
2025-05-10,0.4117116339884238,northen_field_f_2025,North,2025
2025-05-10,0.2921970955975131,northen_field_c_2025,North,2025
2025-05-10,0.7788372911225602,northen_field_k_2025,North,2025
2025-05-10,0.7158396222656928,northen_field_j_2025,North,2025
2025-05-10,0.4968081000904924,northen_field_f_2025,North,2025
2025-05-10,0.724862313072076,northen_field_a_2025,North,2025
2025-05-10,0.5334869081362412,northen_field_i_2025,North,2025
2025-05-20,0.7927258439053017,northen_field_k_2025,North,2025
2025-05-20,0.7515796179283011,northen_field_d_2025,North,2025
2025-05-20,0.9042044803500668,northen_field_m_2025,North,2025
2025-05-20,0.857438567470111,northen_field_l_2025,North,2025
2025-05-20,0.7813985431895397,northen_field_g_2025,North,2025
2025-05-20,0.7560686971543583,northen_field_j_2025,North,2025
2025-05-20,0.8030127898852268,northen_field_h_2025,North,2025
2025-05-20,0.7538840317031552,northen_field_f_2025,North,2025
2025-05-20,0.6316469869210384,northen_field_b_2025,North,2025
2025-05-20,0.6689609953719018,northen_field_a_2025,North,2025
2025-05-20,0.7175387267347132,northen_field_i_2025,North,2025
2025-05-20,0.6532659282223933,northen_field_c_2025,North,2025
2025-05-20,0.7813985431895397,northen_field_f_2025,North,2025
2025-05-25,0.8094949574634102,northen_field_f_2025,North,2025
2025-05-25,0.7392128892309264,northen_field_i_2025,North,2025
2025-05-25,0.8094949574634102,northen_field_g_2025,North,2025
2025-05-25,0.8148468264874885,northen_field_f_2025,North,2025
2025-05-25,0.8957601366297605,northen_field_m_2025,North,2025
2025-05-25,0.7907613364756869,northen_field_k_2025,North,2025
2025-05-25,0.8574801776315645,northen_field_l_2025,North,2025
2025-05-25,0.594977830217298,northen_field_b_2025,North,2025
2025-05-25,0.644189195882392,northen_field_a_2025,North,2025
2025-05-25,0.8061032601085978,northen_field_d_2025,North,2025
2025-05-25,0.8239084797775893,northen_field_h_2025,North,2025
2025-05-25,0.7587968439470618,northen_field_j_2025,North,2025
2025-05-25,0.7205674312271783,northen_field_c_2025,North,2025
2025-05-30,0.8275798297715897,northen_field_f_2025,North,2025
2025-05-30,0.6396362032823423,northen_field_a_2025,North,2025
2025-05-30,0.80077498973715,northen_field_h_2025,North,2025
2025-05-30,0.8096141096907439,northen_field_g_2025,North,2025
2025-05-30,0.7856724710643076,northen_field_k_2025,North,2025
2025-05-30,0.5748092039312748,northen_field_b_2025,North,2025
2025-05-30,0.890168775632574,northen_field_m_2025,North,2025
2025-05-30,0.8396856401755809,northen_field_l_2025,North,2025
2025-05-30,0.7748806788573216,northen_field_c_2025,North,2025
2025-05-30,0.7406145914996256,northen_field_i_2025,North,2025
2025-05-30,0.8096141096907439,northen_field_f_2025,North,2025
2025-05-30,0.7333054771699479,northen_field_j_2025,North,2025
2025-05-30,0.8163160237424922,northen_field_d_2025,North,2025
2025-06-01,0.8773619369081934,northen_field_m_2025,North,2025
2025-06-01,0.5590711861437309,northen_field_b_2025,North,2025
2025-06-01,0.8194659742724497,northen_field_l_2025,North,2025
2025-06-01,0.8375838105753051,northen_field_f_2025,North,2025
2025-06-01,0.8275961849709249,northen_field_f_2025,North,2025
2025-06-01,0.6281278512470827,northen_field_a_2025,North,2025
2025-06-01,0.7678809223302682,northen_field_k_2025,North,2025
2025-06-01,0.8048287615146128,northen_field_h_2025,North,2025
2025-06-01,0.8107953302272957,northen_field_c_2025,North,2025
2025-06-01,0.8275961849709249,northen_field_g_2025,North,2025
2025-06-01,0.8208053427933242,northen_field_d_2025,North,2025
2025-06-01,0.7541295159774756,northen_field_i_2025,North,2025
2025-06-01,0.7328355148381182,northen_field_j_2025,North,2025
2025-06-04,0.7501494835917931,northen_field_j_2025,North,2025
2025-06-04,0.841287318812553,northen_field_c_2025,North,2025
2025-06-04,0.7719659132816619,northen_field_i_2025,North,2025
2025-06-04,0.793115290890814,northen_field_k_2025,North,2025
2025-06-04,0.8487172532328513,northen_field_g_2025,North,2025
2025-06-04,0.8914212313253768,northen_field_m_2025,North,2025
2025-06-04,0.5836958991323578,northen_field_b_2025,North,2025
2025-06-04,0.8288234351609598,northen_field_l_2025,North,2025
2025-06-04,0.8282419209008685,northen_field_d_2025,North,2025
2025-06-04,0.8487172532328513,northen_field_f_2025,North,2025
2025-06-04,0.6589374043065175,northen_field_a_2025,North,2025
2025-06-04,0.8266418896467556,northen_field_h_2025,North,2025
2025-06-04,0.8590175010910129,northen_field_f_2025,North,2025
2025-06-09,0.7459666498385659,northen_field_k_2025,North,2025
2025-06-09,0.8731177038338621,northen_field_m_2025,North,2025
2025-06-09,0.5708807961608716,northen_field_b_2025,North,2025
2025-06-09,0.7841853787061547,northen_field_l_2025,North,2025
2025-06-09,0.6317273996183135,northen_field_a_2025,North,2025
2025-06-09,0.8258410642709977,northen_field_c_2025,North,2025
2025-06-09,0.7295439814576985,northen_field_j_2025,North,2025
2025-06-09,0.8064148782975196,northen_field_h_2025,North,2025
2025-06-09,0.7918827427171243,northen_field_f_2025,North,2025
2025-06-09,0.8006985519316056,northen_field_d_2025,North,2025
2025-06-09,0.7918827427171243,northen_field_g_2025,North,2025
2025-06-09,0.8313110232955667,northen_field_f_2025,North,2025
2025-06-09,0.7686694659260243,northen_field_i_2025,North,2025
2025-06-19,0.8449576225505251,northen_field_c_2025,North,2025
2025-06-19,0.7226236353970511,northen_field_j_2025,North,2025
2025-06-19,0.7256701360418562,northen_field_l_2025,North,2025
2025-06-19,0.7926038167651778,northen_field_h_2025,North,2025
2025-06-19,0.8329033596855958,northen_field_d_2025,North,2025
2025-06-19,0.8105930983003476,northen_field_g_2025,North,2025
2025-06-19,0.7105480582999202,northen_field_k_2025,North,2025
2025-06-19,0.8774921915134459,northen_field_m_2025,North,2025
2025-06-19,0.5566461496610732,northen_field_b_2025,North,2025
2025-06-19,0.8105930983003476,northen_field_f_2025,North,2025
2025-06-19,0.5971366774711547,northen_field_a_2025,North,2025
2025-06-19,0.7792511319720116,northen_field_i_2025,North,2025
2025-06-19,0.8575525364264929,northen_field_f_2025,North,2025
2025-06-21,0.5511154527374252,northen_field_b_2025,North,2025
2025-06-21,0.7966049402636435,northen_field_h_2025,North,2025
2025-06-21,0.8269326788778125,northen_field_g_2025,North,2025
2025-06-21,0.8701460452639589,northen_field_f_2025,North,2025
2025-06-21,0.7269174555475314,northen_field_l_2025,North,2025
2025-06-21,0.8688679108432473,northen_field_m_2025,North,2025
2025-06-21,0.7138901725838556,northen_field_k_2025,North,2025
2025-06-21,0.785607691475538,northen_field_i_2025,North,2025
2025-06-21,0.8269326788778125,northen_field_f_2025,North,2025
2025-06-21,0.7397755672725245,northen_field_j_2025,North,2025
2025-06-21,0.8477442116642203,northen_field_c_2025,North,2025
2025-06-21,0.5907667741268522,northen_field_a_2025,North,2025
2025-06-21,0.8441753835541,northen_field_d_2025,North,2025
2025-06-24,0.6624521548297164,northen_field_l_2025,North,2025
2025-06-24,0.7998898118982057,northen_field_f_2025,North,2025
2025-06-24,0.7854502846688178,northen_field_h_2025,North,2025
2025-06-24,0.8135124761618036,northen_field_d_2025,North,2025
2025-06-24,0.709992828178342,northen_field_j_2025,North,2025
2025-06-24,0.6914691697870899,northen_field_k_2025,North,2025
2025-06-24,0.7998898118982057,northen_field_g_2025,North,2025
2025-06-24,0.824988868899205,northen_field_c_2025,North,2025
2025-06-24,0.8439796394916296,northen_field_m_2025,North,2025
2025-06-24,0.7704855883633009,northen_field_i_2025,North,2025
2025-06-24,0.5659145594397764,northen_field_a_2025,North,2025
2025-06-24,0.5334536530760532,northen_field_b_2025,North,2025
2025-06-24,0.8170600449509591,northen_field_f_2025,North,2025
2025-06-29,0.576277870355667,northen_field_k_2025,North,2025
2025-06-29,0.3393407534142185,northen_field_d_2025,North,2025
2025-06-29,0.1411853516381893,northen_field_f_2025,North,2025
2025-06-29,0.5760358065741373,northen_field_i_2025,North,2025
2025-06-29,0.4358116057648221,northen_field_a_2025,North,2025
2025-06-29,0.2287251972058109,northen_field_c_2025,North,2025
2025-06-29,0.6837635923643112,northen_field_j_2025,North,2025
2025-06-29,0.4703043827391658,northen_field_l_2025,North,2025
2025-06-29,0.2428310669378473,northen_field_f_2025,North,2025
2025-06-29,0.4902210617104154,northen_field_b_2025,North,2025
2025-06-29,0.6695972879986005,northen_field_h_2025,North,2025
2025-06-29,0.7831187182511992,northen_field_m_2025,North,2025
2025-06-29,0.1411853516381893,northen_field_g_2025,North,2025
2025-07-04,0.7219369353294401,northen_field_j_2025,North,2025
2025-07-04,0.5959671948230637,northen_field_f_2025,North,2025
2025-07-04,0.7461037995927697,northen_field_f_2025,North,2025
2025-07-04,0.4980994648996264,northen_field_b_2025,North,2025
2025-07-04,0.5388684579539718,northen_field_a_2025,North,2025
2025-07-04,0.7759505503823223,northen_field_i_2025,North,2025
2025-07-04,0.8066232144236759,northen_field_m_2025,North,2025
2025-07-04,0.602301734155995,northen_field_c_2025,North,2025
2025-07-04,0.7982345939961442,northen_field_h_2025,North,2025
2025-07-04,0.5959671948230637,northen_field_g_2025,North,2025
2025-07-04,0.6451115860564252,northen_field_k_2025,North,2025
2025-07-04,0.591515804298754,northen_field_l_2025,North,2025
2025-07-04,0.6807432836824964,northen_field_d_2025,North,2025
2025-07-09,0.7249976634920511,northen_field_j_2025,North,2025
2025-07-09,0.8045231093616539,northen_field_f_2025,North,2025
2025-07-09,0.6243764453412911,northen_field_k_2025,North,2025
2025-07-09,0.6515519928252905,northen_field_f_2025,North,2025
2025-07-09,0.5126290351084241,northen_field_l_2025,North,2025
2025-07-09,0.7631219168595291,northen_field_d_2025,North,2025
2025-07-09,0.7865042784739372,northen_field_i_2025,North,2025
2025-07-09,0.8026230837666632,northen_field_h_2025,North,2025
2025-07-09,0.4776184769102152,northen_field_b_2025,North,2025
2025-07-09,0.6719396697143141,northen_field_c_2025,North,2025
2025-07-09,0.6515519928252905,northen_field_g_2025,North,2025
2025-07-09,0.5122368677978937,northen_field_a_2025,North,2025
2025-07-09,0.79400584728575,northen_field_m_2025,North,2025
2025-07-11,0.7887289085947132,northen_field_i_2025,North,2025
2025-07-11,0.495605066471587,northen_field_l_2025,North,2025
2025-07-11,0.6182240740009645,northen_field_k_2025,North,2025
2025-07-11,0.4552736032046924,northen_field_b_2025,North,2025
2025-07-11,0.8194735172097841,northen_field_f_2025,North,2025
2025-07-11,0.8111443124106132,northen_field_h_2025,North,2025
2025-07-11,0.49293447550476,northen_field_a_2025,North,2025
2025-07-11,0.7824242981528143,northen_field_d_2025,North,2025
2025-07-11,0.6865791879604983,northen_field_g_2025,North,2025
2025-07-11,0.6865791879604983,northen_field_f_2025,North,2025
2025-07-11,0.714594310342571,northen_field_j_2025,North,2025
2025-07-11,0.7881962193662874,northen_field_m_2025,North,2025
2025-07-11,0.7085696993983641,northen_field_c_2025,North,2025
2025-07-14,0.6898200934647122,northen_field_f_2025,North,2025
2025-07-14,0.7983614833902399,northen_field_d_2025,North,2025
2025-07-14,0.5544746590632934,northen_field_k_2025,North,2025
2025-07-14,0.4375625767971446,northen_field_l_2025,North,2025
2025-07-14,0.7756879866461085,northen_field_i_2025,North,2025
2025-07-14,0.4133012746434368,northen_field_b_2025,North,2025
2025-07-14,0.8013222254663734,northen_field_h_2025,North,2025
2025-07-14,0.6898200934647122,northen_field_g_2025,North,2025
2025-07-14,0.7558773853711027,northen_field_m_2025,North,2025
2025-07-14,0.7086275593576331,northen_field_c_2025,North,2025
2025-07-14,0.6916298525562091,northen_field_j_2025,North,2025
2025-07-14,0.8191693074151344,northen_field_f_2025,North,2025
2025-07-14,0.4456261025583738,northen_field_a_2025,North,2025
2025-07-24,0.8532573754139864,northen_field_d_2025,North,2025
2025-07-24,0.850141758320566,northen_field_f_2025,North,2025
2025-07-24,0.3915619844922711,northen_field_k_2025,North,2025
2025-07-24,0.8385453961711684,northen_field_c_2025,North,2025
2025-07-24,0.8174264419833932,northen_field_g_2025,North,2025
2025-07-24,0.3742493336722607,northen_field_b_2025,North,2025
2025-07-24,0.7604217080727116,northen_field_i_2025,North,2025
2025-07-24,0.8017978836501614,northen_field_h_2025,North,2025
2025-07-24,0.4094826806885133,northen_field_a_2025,North,2025
2025-07-24,0.6155290992865992,northen_field_j_2025,North,2025
2025-07-24,0.6623375976706521,northen_field_m_2025,North,2025
2025-07-24,0.2159754743336282,northen_field_l_2025,North,2025
2025-07-24,0.8174264419833932,northen_field_f_2025,North,2025
2025-07-29,0.8650179737911974,northen_field_g_2025,North,2025
2025-07-29,0.2842754449006666,northen_field_k_2025,North,2025
2025-07-29,0.2048824311431858,northen_field_l_2025,North,2025
2025-07-29,0.3503980503156721,northen_field_b_2025,North,2025
2025-07-29,0.8853224735103984,northen_field_d_2025,North,2025
2025-07-29,0.7580254096812215,northen_field_i_2025,North,2025
2025-07-29,0.6132023239949549,northen_field_m_2025,North,2025
2025-07-29,0.5575462629499773,northen_field_j_2025,North,2025
2025-07-29,0.3917624513176254,northen_field_a_2025,North,2025
2025-07-29,0.8853014367423071,northen_field_f_2025,North,2025
2025-07-29,0.8650179737911974,northen_field_f_2025,North,2025
2025-07-29,0.8135355331842739,northen_field_h_2025,North,2025
2025-07-29,0.8824875003695806,northen_field_c_2025,North,2025
2025-07-31,0.8051824925124759,northen_field_h_2025,North,2025
2025-07-31,0.3363397642514088,northen_field_b_2025,North,2025
2025-07-31,0.5515417052537361,northen_field_m_2025,North,2025
2025-07-31,0.521366056369597,northen_field_j_2025,North,2025
2025-07-31,0.8647644241062898,northen_field_g_2025,North,2025
2025-07-31,0.8814592113945339,northen_field_f_2025,North,2025
2025-07-31,0.2051094171453512,northen_field_l_2025,North,2025
2025-07-31,0.8647644241062898,northen_field_f_2025,North,2025
2025-07-31,0.3754355453143327,northen_field_a_2025,North,2025
2025-07-31,0.7464586738765335,northen_field_i_2025,North,2025
2025-07-31,0.8791428364591337,northen_field_c_2025,North,2025
2025-07-31,0.2418214169194668,northen_field_k_2025,North,2025
2025-07-31,0.8835879838114833,northen_field_d_2025,North,2025
2025-08-03,0.8538921620641585,northen_field_f_2025,North,2025
2025-08-03,0.3339611664469062,northen_field_a_2025,North,2025
2025-08-03,0.4560748253132271,northen_field_j_2025,North,2025
2025-08-03,0.4748907577970654,northen_field_m_2025,North,2025
2025-08-03,0.6673275522318504,northen_field_i_2025,North,2025
2025-08-03,0.2974036151324366,northen_field_b_2025,North,2025
2025-08-03,0.8678787412433925,northen_field_f_2025,North,2025
2025-08-03,0.8726524126314479,northen_field_d_2025,North,2025
2025-08-03,0.7304560790151762,northen_field_h_2025,North,2025
2025-08-03,0.8668047633086939,northen_field_c_2025,North,2025
2025-08-03,0.2080745299488164,northen_field_k_2025,North,2025
2025-08-03,0.8538921620641585,northen_field_g_2025,North,2025
2025-08-03,0.1878775377105653,northen_field_l_2025,North,2025
2025-08-08,0.7425479222879177,northen_field_h_2025,North,2025
2025-08-08,0.8699167880735109,northen_field_c_2025,North,2025
2025-08-08,0.3205368147192135,northen_field_a_2025,North,2025
2025-08-08,0.4139361993437177,northen_field_j_2025,North,2025
2025-08-08,0.3714407158387686,northen_field_m_2025,North,2025
2025-08-08,0.8620313224078006,northen_field_g_2025,North,2025
2025-08-08,0.6456850499334682,northen_field_i_2025,North,2025
2025-08-08,0.8620313224078006,northen_field_f_2025,North,2025
2025-08-08,0.2785757401740404,northen_field_b_2025,North,2025
2025-08-08,0.8708107618509985,northen_field_d_2025,North,2025
2025-08-08,0.1830418752689582,northen_field_l_2025,North,2025
2025-08-08,0.1954751026856669,northen_field_k_2025,North,2025
2025-08-08,0.8674300633766708,northen_field_f_2025,North,2025
2025-08-13,0.7022018681348586,northen_field_h_2025,North,2025
2025-08-13,0.8723524886256643,northen_field_c_2025,North,2025
2025-08-13,0.3009064296916577,northen_field_a_2025,North,2025
2025-08-13,0.8738401270437486,northen_field_g_2025,North,2025
2025-08-13,0.8774724634735929,northen_field_f_2025,North,2025
2025-08-13,0.8592131709472007,northen_field_d_2025,North,2025
2025-08-13,0.3799465244884445,northen_field_j_2025,North,2025
2025-08-13,0.057535136973693,northen_field_m_2025,North,2025
2025-08-13,0.8738401270437486,northen_field_f_2025,North,2025
2025-08-13,0.5814191510545595,northen_field_i_2025,North,2025
2025-08-13,0.2472771811025521,northen_field_b_2025,North,2025
2025-08-13,0.0124184188481495,northen_field_k_2025,North,2025
2025-08-13,0.0412705987411319,northen_field_l_2025,North,2025
2025-08-20,0.168970135304619,northen_field_l_2025,North,2025
2025-08-20,0.288187989894198,northen_field_a_2025,North,2025
2025-08-20,0.5928892857379978,northen_field_h_2025,North,2025
2025-08-20,0.6757542066844615,northen_field_g_2025,North,2025
2025-08-20,0.6757542066844615,northen_field_f_2025,North,2025
2025-08-20,0.2139366107341415,northen_field_m_2025,North,2025
2025-08-20,0.5585895219918229,northen_field_f_2025,North,2025
2025-08-20,0.1778218650703987,northen_field_k_2025,North,2025
2025-08-20,0.4724716423358168,northen_field_i_2025,North,2025
2025-08-20,0.5856279271440828,northen_field_d_2025,North,2025
2025-08-20,0.6945055098273185,northen_field_c_2025,North,2025
2025-08-20,0.2355760713679232,northen_field_b_2025,North,2025
2025-08-20,0.3361551943803229,northen_field_j_2025,North,2025
2025-08-23,0.2310714397302504,northen_field_b_2025,North,2025
2025-08-23,0.5806267054027715,northen_field_c_2025,North,2025
2025-08-23,0.1876420205503918,northen_field_k_2025,North,2025
2025-08-23,0.511873520667977,northen_field_h_2025,North,2025
2025-08-23,0.4236826078319344,northen_field_i_2025,North,2025
2025-08-23,0.1800110276000779,northen_field_l_2025,North,2025
2025-08-23,0.596006266148346,northen_field_g_2025,North,2025
2025-08-23,0.3143810402310927,northen_field_j_2025,North,2025
2025-08-23,0.2831206042927002,northen_field_a_2025,North,2025
2025-08-23,0.2162898950827703,northen_field_m_2025,North,2025
2025-08-23,0.6589280977005989,northen_field_f_2025,North,2025
2025-08-23,0.6758836375753066,northen_field_d_2025,North,2025
2025-08-23,0.596006266148346,northen_field_f_2025,North,2025
2025-08-28,0.2717199462832576,northen_field_a_2025,North,2025
2025-08-28,0.2171627292081601,northen_field_b_2025,North,2025
2025-08-28,0.1864407677240229,northen_field_k_2025,North,2025
2025-08-28,0.7390958713668296,northen_field_f_2025,North,2025
2025-08-28,0.4123302172825827,northen_field_h_2025,North,2025
2025-08-28,0.7359434101752317,northen_field_d_2025,North,2025
2025-08-28,0.3570133580886979,northen_field_i_2025,North,2025
2025-08-28,0.1774088957188085,northen_field_l_2025,North,2025
2025-08-28,0.6131841410617357,northen_field_f_2025,North,2025
2025-08-28,0.6131841410617357,northen_field_g_2025,North,2025
2025-08-28,0.2956710725302832,northen_field_j_2025,North,2025
2025-08-28,0.6021517966339859,northen_field_c_2025,North,2025
2025-08-28,0.1940742476951718,northen_field_m_2025,North,2025
2025-09-02,0.6866356219604562,northen_field_g_2025,North,2025
2025-09-02,0.6866356219604562,northen_field_f_2025,North,2025
2025-09-02,0.3265463292401329,northen_field_i_2025,North,2025
2025-09-02,0.7609267024515973,northen_field_d_2025,North,2025
2025-09-02,0.0842158560119354,northen_field_a_2025,North,2025
2025-09-02,0.1575262205489501,northen_field_l_2025,North,2025
2025-09-02,0.6523511817544824,northen_field_c_2025,North,2025
2025-09-02,0.1863581834625958,northen_field_k_2025,North,2025
2025-09-02,0.1668261518117987,northen_field_b_2025,North,2025
2025-09-02,0.7823907637093682,northen_field_f_2025,North,2025
2025-09-02,0.2625579436885901,northen_field_h_2025,North,2025
2025-09-02,0.2116125977737627,northen_field_j_2025,North,2025
2025-09-02,0.1832411759308946,northen_field_m_2025,North,2025
2025-09-09,0.7332240448522942,northen_field_f_2025,North,2025
2025-09-09,0.2507429858542295,northen_field_j_2025,North,2025
2025-09-09,0.2979605838307942,northen_field_i_2025,North,2025
2025-09-09,0.1713167656556292,northen_field_l_2025,North,2025
2025-09-09,0.3058132023678301,northen_field_h_2025,North,2025
2025-09-09,0.1935182817191038,northen_field_b_2025,North,2025
2025-09-09,0.1773187483294133,northen_field_k_2025,North,2025
2025-09-09,0.183326845402683,northen_field_m_2025,North,2025
2025-09-09,0.7332240448522942,northen_field_g_2025,North,2025
2025-09-09,0.2397150340038356,northen_field_a_2025,North,2025
2025-09-09,0.7486857986978445,northen_field_f_2025,North,2025
2025-09-09,0.7569000301033095,northen_field_c_2025,North,2025
2025-09-09,0.7370644974166815,northen_field_d_2025,North,2025
2025-09-12,0.7673304088582146,northen_field_f_2025,North,2025
2025-09-12,0.7552690187834148,northen_field_d_2025,North,2025
2025-09-12,0.2903741798574777,northen_field_i_2025,North,2025
2025-09-12,0.7669353476724375,northen_field_g_2025,North,2025
2025-09-12,0.1692996694362367,northen_field_l_2025,North,2025
2025-09-12,0.2954020101323714,northen_field_h_2025,North,2025
2025-09-12,0.7669353476724375,northen_field_f_2025,North,2025
2025-09-12,0.7956889983795375,northen_field_c_2025,North,2025
2025-09-12,0.1871509498698742,northen_field_b_2025,North,2025
2025-09-12,0.1785900105264317,northen_field_m_2025,North,2025
2025-09-12,0.2432884793938468,northen_field_j_2025,North,2025
2025-09-12,0.1760564628380614,northen_field_k_2025,North,2025
2025-09-12,0.2318792958391456,northen_field_a_2025,North,2025
2025-09-17,0.7317028499426377,northen_field_f_2025,North,2025
2025-09-17,0.232763072017834,northen_field_j_2025,North,2025
2025-09-17,0.7317028499426377,northen_field_g_2025,North,2025
2025-09-17,0.1835023067508876,northen_field_m_2025,North,2025
2025-09-17,0.1550189626711792,northen_field_a_2025,North,2025
2025-09-17,0.1701703432793178,northen_field_l_2025,North,2025
2025-09-17,0.268122375033502,northen_field_h_2025,North,2025
2025-09-17,0.1683277291947973,northen_field_b_2025,North,2025
2025-09-17,0.1752184331614021,northen_field_k_2025,North,2025
2025-09-17,0.7505571753765635,northen_field_f_2025,North,2025
2025-09-17,0.7853500723644006,northen_field_c_2025,North,2025
2025-09-17,0.7281505755367447,northen_field_d_2025,North,2025
2025-09-17,0.2818841246787505,northen_field_i_2025,North,2025
2025-09-22,0.2791773796019768,northen_field_i_2025,North,2025
2025-09-22,0.178136786902799,northen_field_m_2025,North,2025
2025-09-22,0.7851092277447803,northen_field_f_2025,North,2025
2025-09-22,0.2273778371344205,northen_field_j_2025,North,2025
2025-09-22,0.7443660318657473,northen_field_g_2025,North,2025
2025-09-22,0.7356847802525768,northen_field_d_2025,North,2025
2025-09-22,0.7443660318657473,northen_field_f_2025,North,2025
2025-09-22,0.8098382388906632,northen_field_c_2025,North,2025
2025-09-22,0.1524058518686418,northen_field_b_2025,North,2025
2025-09-22,0.1655452014947438,northen_field_l_2025,North,2025
2025-09-22,0.2531055818336571,northen_field_h_2025,North,2025
2025-09-22,0.1715330689551054,northen_field_k_2025,North,2025
2025-09-22,0.1493777933709242,northen_field_a_2025,North,2025
2025-10-02,0.2239378708281104,northen_field_j_2025,North,2025
2025-10-02,0.8505295488395211,northen_field_c_2025,North,2025
2025-10-02,0.1554938973015033,northen_field_b_2025,North,2025
2025-10-02,0.1799777811176664,northen_field_k_2025,North,2025
2025-10-02,0.5933076467247744,northen_field_f_2025,North,2025
2025-10-02,0.1880622974371367,northen_field_a_2025,North,2025
2025-10-02,0.179343707550009,northen_field_m_2025,North,2025
2025-10-02,0.2907916387573248,northen_field_i_2025,North,2025
2025-10-02,0.1735084038603633,northen_field_l_2025,North,2025
2025-10-02,0.2489621589847221,northen_field_h_2025,North,2025
2025-10-02,0.7141687300211866,northen_field_g_2025,North,2025
2025-10-02,0.7141687300211866,northen_field_f_2025,North,2025
2025-10-02,0.6224343489061522,northen_field_d_2025,North,2025
2025-10-07,0.7920087454997904,northen_field_g_2025,North,2025
2025-10-07,0.7920087454997904,northen_field_f_2025,North,2025
2025-10-07,0.5573723867854815,northen_field_c_2025,North,2025
2025-10-07,0.1988943831405069,northen_field_j_2025,North,2025
2025-10-07,0.1603468963489188,northen_field_m_2025,North,2025
2025-10-07,0.2548840524305119,northen_field_i_2025,North,2025
2025-10-07,0.1566330569306115,northen_field_l_2025,North,2025
2025-10-07,0.1615380324186872,northen_field_k_2025,North,2025
2025-10-07,0.6072675779152082,northen_field_d_2025,North,2025
2025-10-07,0.7959889034346403,northen_field_f_2025,North,2025
2025-10-07,0.1678641446447828,northen_field_b_2025,North,2025
2025-10-07,0.217109869876665,northen_field_h_2025,North,2025
2025-10-07,0.1455498482357543,northen_field_a_2025,North,2025
2025-10-12,0.1655895744642528,northen_field_k_2025,North,2025
2025-10-12,0.3547857396165339,northen_field_c_2025,North,2025
2025-10-12,0.8162054318381226,northen_field_g_2025,North,2025
2025-10-12,0.1994101741266104,northen_field_j_2025,North,2025
2025-10-12,0.2630590281414383,northen_field_b_2025,North,2025
2025-10-12,0.1609653526365923,northen_field_l_2025,North,2025
2025-10-12,0.8162054318381226,northen_field_f_2025,North,2025
2025-10-12,0.2149660458832041,northen_field_h_2025,North,2025
2025-10-12,0.7833383047283387,northen_field_d_2025,North,2025
2025-10-12,0.1484947099743736,northen_field_a_2025,North,2025
2025-10-12,0.2475479302288034,northen_field_i_2025,North,2025
2025-10-12,0.163316700532836,northen_field_m_2025,North,2025
2025-10-12,0.8315138149485914,northen_field_f_2025,North,2025
2025-10-19,0.1599024719709786,northen_field_l_2025,North,2025
2025-10-19,0.889463313242419,northen_field_d_2025,North,2025
2025-10-19,0.1611566266244922,northen_field_k_2025,North,2025
2025-10-19,0.1411310461665866,northen_field_m_2025,North,2025
2025-10-19,0.813628160580498,northen_field_c_2025,North,2025
2025-10-19,0.8902425053869303,northen_field_g_2025,North,2025
2025-10-19,0.1466693672532807,northen_field_a_2025,North,2025
2025-10-19,0.8902425053869303,northen_field_f_2025,North,2025
2025-10-19,0.1980993509154937,northen_field_j_2025,North,2025
2025-10-19,0.902131086837246,northen_field_f_2025,North,2025
2025-10-19,0.1569380948201072,northen_field_b_2025,North,2025
2025-10-19,0.2133861368184973,northen_field_h_2025,North,2025
2025-10-19,0.2484840859300319,northen_field_i_2025,North,2025
2025-11-01,0.1265782719466011,northen_field_b_2025,North,2025
2025-11-01,0.5894644723935877,northen_field_f_2025,North,2025
2025-11-01,0.1941386049430742,northen_field_h_2025,North,2025
2025-11-01,0.177311045210924,northen_field_m_2025,North,2025
2025-11-01,0.1821598776095284,northen_field_j_2025,North,2025
2025-11-01,0.8552066538702446,northen_field_c_2025,North,2025
2025-11-01,0.1509230459357675,northen_field_k_2025,North,2025
2025-11-01,0.6279157082404146,northen_field_f_2025,North,2025
2025-11-01,0.8517640948630812,northen_field_d_2025,North,2025
2025-11-01,0.1424477569959979,northen_field_a_2025,North,2025
2025-11-01,0.2220522634528367,northen_field_i_2025,North,2025
2025-11-01,0.6279157082404146,northen_field_g_2025,North,2025
2025-11-01,0.1528548625857106,northen_field_l_2025,North,2025
2025-11-21,0.1602576879933778,northen_field_l_2025,North,2025
2025-11-21,0.1016185968799826,northen_field_b_2025,North,2025
2025-11-21,0.0808897234450967,northen_field_a_2025,North,2025
2025-11-21,0.6615215131386718,northen_field_g_2025,North,2025
2025-11-21,0.1855650919225451,northen_field_j_2025,North,2025
2025-11-21,0.1978237307121756,northen_field_i_2025,North,2025
2025-11-21,0.1846833076098698,northen_field_h_2025,North,2025
2025-11-21,0.6627367241706562,northen_field_c_2025,North,2025
2025-11-21,0.6479283615787166,northen_field_f_2025,North,2025
2025-11-21,0.6944390906152527,northen_field_d_2025,North,2025
2025-11-21,0.1506060504082877,northen_field_k_2025,North,2025
2025-11-21,0.5678609205520816,northen_field_m_2025,North,2025
2025-11-21,0.6615215131386718,northen_field_f_2025,North,2025
2025-12-06,0.8222662657359603,northen_field_f_2025,North,2025
2025-12-06,0.2959218871144023,northen_field_i_2025,North,2025
2025-12-06,0.6707624176689814,northen_field_m_2025,North,2025
2025-12-06,0.4268429425617697,northen_field_d_2025,North,2025
2025-12-06,0.2625846347145095,northen_field_h_2025,North,2025
2025-12-06,0.8009377605208676,northen_field_f_2025,North,2025
2025-12-06,0.8009377605208676,northen_field_g_2025,North,2025
2025-12-06,0.2585715382133689,northen_field_j_2025,North,2025
2025-12-06,0.2357531909881832,northen_field_l_2025,North,2025
2025-12-06,0.4250340647343939,northen_field_c_2025,North,2025
2025-12-06,0.1930146319010026,northen_field_k_2025,North,2025
2025-12-06,0.1471178640916393,northen_field_a_2025,North,2025
2025-12-06,0.1609507611406427,northen_field_b_2025,North,2025
2025-12-16,0.6470530680674175,northen_field_g_2025,North,2025
2025-12-16,0.0873402690798052,northen_field_l_2025,North,2025
2025-12-16,0.0160328676233014,northen_field_k_2025,North,2025
2025-12-16,0.3181056300929587,northen_field_d_2025,North,2025
2025-12-16,0.023050712319074,northen_field_i_2025,North,2025
2025-12-16,0.1309292261462924,northen_field_a_2025,North,2025
2025-12-16,0.6470530680674175,northen_field_f_2025,North,2025
2025-12-16,0.8202197107606362,northen_field_f_2025,North,2025
2025-12-16,0.0303902636701475,northen_field_h_2025,North,2025
2025-12-16,0.4007791526477112,northen_field_c_2025,North,2025
2025-12-16,0.0083729378665649,northen_field_j_2025,North,2025
2025-12-16,0.1478373438981182,northen_field_b_2025,North,2025
2025-12-16,0.3785005055958115,northen_field_m_2025,North,2025
2025-01-25,0.8076611724721816,southern_field_i_2025,South,2025
2025-01-25,0.367613216947518,southern_field_h_2025,South,2025
2025-01-25,0.3336191061446819,southern_field_d_2025,South,2025
2025-01-25,0.6970606840394777,southern_field_j_2025,South,2025
2025-01-25,0.5969614547251083,southern_field_c_2025,South,2025
2025-01-25,0.3389579337414967,southern_field_e_2025,South,2025
2025-01-25,0.2773026664126788,southern_field_b_2025,South,2025
2025-01-25,0.2900223834164291,southern_field_k_2025,South,2025
2025-01-25,0.2410674760725629,southern_field_g_2025,South,2025
2025-01-25,0.1957746645381974,southern_field_a_2025,South,2025
2025-01-25,0.2728398961217427,southern_field_l_2025,South,2025
2025-01-25,0.2056786980753345,southern_field_l_2025,South,2025
2025-01-25,0.2104632787383153,southern_field_f_2025,South,2025
2025-01-30,0.1959113413443871,southern_field_k_2025,South,2025
2025-01-30,0.1948859149604439,southern_field_g_2025,South,2025
2025-01-30,0.2227922561347581,southern_field_h_2025,South,2025
2025-01-30,0.19637433218903,southern_field_a_2025,South,2025
2025-01-30,0.5530174681369637,southern_field_c_2025,South,2025
2025-01-30,0.4931862062089089,southern_field_d_2025,South,2025
2025-01-30,0.2755830964888668,southern_field_l_2025,South,2025
2025-01-30,0.2395258240137326,southern_field_l_2025,South,2025
2025-01-30,0.1903269182003391,southern_field_j_2025,South,2025
2025-01-30,0.2951971342185899,southern_field_e_2025,South,2025
2025-01-30,0.2476296619211559,southern_field_f_2025,South,2025
2025-01-30,0.6117461066173265,southern_field_i_2025,South,2025
2025-01-30,0.3128125033055172,southern_field_b_2025,South,2025
2025-03-06,0.1593476635567602,southern_field_f_2025,South,2025
2025-03-06,0.3332625376844104,southern_field_h_2025,South,2025
2025-03-06,0.4451230165906248,southern_field_e_2025,South,2025
2025-03-06,0.2384609000827936,southern_field_a_2025,South,2025
2025-03-06,0.1741403663964774,southern_field_d_2025,South,2025
2025-03-06,0.294763704534545,southern_field_b_2025,South,2025
2025-03-06,0.2181323045134747,southern_field_l_2025,South,2025
2025-03-06,0.2181705364331434,southern_field_k_2025,South,2025
2025-03-06,0.2002999724622406,southern_field_l_2025,South,2025
2025-03-06,0.263437777135817,southern_field_i_2025,South,2025
2025-03-06,0.2561522047462902,southern_field_g_2025,South,2025
2025-03-06,0.1883971295805133,southern_field_j_2025,South,2025
2025-03-06,0.4832955381970911,southern_field_c_2025,South,2025
2025-04-02,0.3313078254310559,southern_field_c_2025,South,2025
2025-04-02,0.1668071935104502,southern_field_f_2025,South,2025
2025-04-02,0.2340936204896925,southern_field_b_2025,South,2025
2025-04-02,0.1751246756086197,southern_field_h_2025,South,2025
2025-04-02,0.3936524633260589,southern_field_j_2025,South,2025
2025-04-02,0.6025086994101598,southern_field_a_2025,South,2025
2025-04-02,0.441258589964217,southern_field_g_2025,South,2025
2025-04-02,0.1532906604149708,southern_field_d_2025,South,2025
2025-04-02,0.2386559061003624,southern_field_i_2025,South,2025
2025-04-02,0.2011594588302309,southern_field_l_2025,South,2025
2025-04-02,0.3468677782590617,southern_field_k_2025,South,2025
2025-04-02,0.1368302066257909,southern_field_l_2025,South,2025
2025-04-02,0.8166643290519008,southern_field_e_2025,South,2025
2025-04-10,0.1857204614370817,southern_field_h_2025,South,2025
2025-04-10,0.2042087405037271,southern_field_f_2025,South,2025
2025-04-10,0.3756353674660518,southern_field_l_2025,South,2025
2025-04-10,0.7390601368713535,southern_field_j_2025,South,2025
2025-04-10,0.0297927626987843,southern_field_a_2025,South,2025
2025-04-10,0.5605833888897728,southern_field_g_2025,South,2025
2025-04-10,0.0853207107490115,southern_field_b_2025,South,2025
2025-04-10,0.6237921744629041,southern_field_k_2025,South,2025
2025-04-10,0.1375700935233451,southern_field_l_2025,South,2025
2025-04-10,0.3249007799073161,southern_field_c_2025,South,2025
2025-04-10,0.567071283395223,southern_field_i_2025,South,2025
2025-04-10,0.7696404224169865,southern_field_e_2025,South,2025
2025-04-10,0.1707776272196398,southern_field_d_2025,South,2025
2025-04-15,0.1933283616912995,southern_field_h_2025,South,2025
2025-04-15,0.1798228675433506,southern_field_d_2025,South,2025
2025-04-15,0.1841968214286807,southern_field_l_2025,South,2025
2025-04-15,0.3802040919216976,southern_field_b_2025,South,2025
2025-04-15,0.6418810376318029,southern_field_i_2025,South,2025
2025-04-15,0.3636246415887791,southern_field_f_2025,South,2025
2025-04-15,0.5446107155096053,southern_field_l_2025,South,2025
2025-04-15,0.6178174091301911,southern_field_g_2025,South,2025
2025-04-15,0.6458460580631684,southern_field_k_2025,South,2025
2025-04-15,0.7746933968106015,southern_field_e_2025,South,2025
2025-04-15,0.3116137841124797,southern_field_c_2025,South,2025
2025-04-15,0.7154375808256233,southern_field_a_2025,South,2025
2025-04-15,0.7519053907538893,southern_field_j_2025,South,2025
2025-04-20,0.1735693933817134,southern_field_d_2025,South,2025
2025-04-20,0.31310111893806,southern_field_c_2025,South,2025
2025-04-20,0.7301287000939308,southern_field_l_2025,South,2025
2025-04-20,0.5793462563098462,southern_field_f_2025,South,2025
2025-04-20,0.7811572726563952,southern_field_a_2025,South,2025
2025-04-20,0.8115478884397113,southern_field_i_2025,South,2025
2025-04-20,0.8564743501229096,southern_field_j_2025,South,2025
2025-04-20,0.3074416497988563,southern_field_l_2025,South,2025
2025-04-20,0.693924545628554,southern_field_g_2025,South,2025
2025-04-20,0.2285262504624048,southern_field_h_2025,South,2025
2025-04-20,0.7895550917165266,southern_field_k_2025,South,2025
2025-04-20,0.6008800573235663,southern_field_b_2025,South,2025
2025-04-20,0.8144320668885702,southern_field_e_2025,South,2025
2025-04-22,0.6076307753482275,southern_field_b_2025,South,2025
2025-04-22,0.2303366432161791,southern_field_h_2025,South,2025
2025-04-22,0.8351343501688723,southern_field_i_2025,South,2025
2025-04-22,0.7878918911338265,southern_field_a_2025,South,2025
2025-04-22,0.6402713374449062,southern_field_f_2025,South,2025
2025-04-22,0.7555679325994806,southern_field_l_2025,South,2025
2025-04-22,0.6871965024279443,southern_field_g_2025,South,2025
2025-04-22,0.3498989047848757,southern_field_l_2025,South,2025
2025-04-22,0.2905089563820435,southern_field_c_2025,South,2025
2025-04-22,0.8009369431980846,southern_field_e_2025,South,2025
2025-04-22,0.1663921170214983,southern_field_d_2025,South,2025
2025-04-22,0.8061420578651121,southern_field_k_2025,South,2025
2025-04-22,0.8697448775306206,southern_field_j_2025,South,2025
2025-04-30,0.6331002072118929,southern_field_b_2025,South,2025
2025-04-30,0.8186469986157145,southern_field_l_2025,South,2025
2025-04-30,0.7295933195044157,southern_field_g_2025,South,2025
2025-04-30,0.2916376040923114,southern_field_c_2025,South,2025
2025-04-30,0.7769435762702697,southern_field_a_2025,South,2025
2025-04-30,0.8668614906894718,southern_field_i_2025,South,2025
2025-04-30,0.1642367279177603,southern_field_d_2025,South,2025
2025-04-30,0.7957511108760776,southern_field_e_2025,South,2025
2025-04-30,0.8409095528950475,southern_field_k_2025,South,2025
2025-04-30,0.6294546732676857,southern_field_l_2025,South,2025
2025-04-30,0.8662600497264634,southern_field_j_2025,South,2025
2025-04-30,0.4332992771124576,southern_field_h_2025,South,2025
2025-04-30,0.7885568038230514,southern_field_f_2025,South,2025
2025-05-05,0.6850770638050364,southern_field_l_2025,South,2025
2025-05-05,0.7964376061040791,southern_field_e_2025,South,2025
2025-05-05,0.7518749099527726,southern_field_g_2025,South,2025
2025-05-05,0.821205709185572,southern_field_f_2025,South,2025
2025-05-05,0.8799978985715344,southern_field_j_2025,South,2025
2025-05-05,0.7814519461407491,southern_field_a_2025,South,2025
2025-05-05,0.5277016954723264,southern_field_l_2025,South,2025
2025-05-05,0.8634882335216933,southern_field_k_2025,South,2025
2025-05-05,0.8771756167168072,southern_field_i_2025,South,2025
2025-05-05,0.5589250691118651,southern_field_h_2025,South,2025
2025-05-05,0.1699517681243851,southern_field_d_2025,South,2025
2025-05-05,0.6435282655779145,southern_field_b_2025,South,2025
2025-05-05,0.2893164791115367,southern_field_c_2025,South,2025
2025-05-10,0.8852114730238996,southern_field_j_2025,South,2025
2025-05-10,0.1896170061925496,southern_field_d_2025,South,2025
2025-05-10,0.6507917018638818,southern_field_b_2025,South,2025
2025-05-10,0.8919779771732791,southern_field_i_2025,South,2025
2025-05-10,0.8654386099202515,southern_field_k_2025,South,2025
2025-05-10,0.2888049206574881,southern_field_c_2025,South,2025
2025-05-10,0.7880491010029169,southern_field_e_2025,South,2025
2025-05-10,0.8608994742151101,southern_field_l_2025,South,2025
2025-05-10,0.8276805550424846,southern_field_l_2025,South,2025
2025-05-10,0.7463744485892724,southern_field_g_2025,South,2025
2025-05-10,0.8331210816033046,southern_field_f_2025,South,2025
2025-05-10,0.6113409058281518,southern_field_h_2025,South,2025
2025-05-10,0.7621534662671171,southern_field_a_2025,South,2025
2025-05-20,0.8706053427923435,southern_field_k_2025,South,2025
2025-05-20,0.8736976607173242,southern_field_l_2025,South,2025
2025-05-20,0.6390789808745786,southern_field_b_2025,South,2025
2025-05-20,0.8431701524266016,southern_field_f_2025,South,2025
2025-05-20,0.1885613324434298,southern_field_d_2025,South,2025
2025-05-20,0.8541411016298293,southern_field_l_2025,South,2025
2025-05-20,0.9024117063958804,southern_field_j_2025,South,2025
2025-05-20,0.7033862842147411,southern_field_a_2025,South,2025
2025-05-20,0.7861022039847783,southern_field_h_2025,South,2025
2025-05-20,0.7641006489328865,southern_field_e_2025,South,2025
2025-05-20,0.7054998960842541,southern_field_g_2025,South,2025
2025-05-20,0.9058867872891944,southern_field_i_2025,South,2025
2025-05-20,0.2678276320259451,southern_field_c_2025,South,2025
2025-05-25,0.6421765673463917,southern_field_b_2025,South,2025
2025-05-25,0.8424403222099698,southern_field_f_2025,South,2025
2025-05-25,0.8395551943555069,southern_field_l_2025,South,2025
2025-05-25,0.7508587441102437,southern_field_e_2025,South,2025
2025-05-25,0.1943392511675847,southern_field_d_2025,South,2025
2025-05-25,0.8881056597401985,southern_field_l_2025,South,2025
2025-05-25,0.8985000213854044,southern_field_i_2025,South,2025
2025-05-25,0.271847626955022,southern_field_c_2025,South,2025
2025-05-25,0.8285628585743504,southern_field_k_2025,South,2025
2025-05-25,0.8894661643961496,southern_field_j_2025,South,2025
2025-05-25,0.6672258421174517,southern_field_g_2025,South,2025
2025-05-25,0.6661766871342182,southern_field_a_2025,South,2025
2025-05-25,0.8066744689111982,southern_field_h_2025,South,2025
2025-05-30,0.7776249882092738,southern_field_k_2025,South,2025
2025-05-30,0.8802570818254297,southern_field_l_2025,South,2025
2025-05-30,0.6290100256058575,southern_field_b_2025,South,2025
2025-05-30,0.8343728895202811,southern_field_f_2025,South,2025
2025-05-30,0.7209024030267968,southern_field_e_2025,South,2025
2025-05-30,0.6034878279276715,southern_field_a_2025,South,2025
2025-05-30,0.8048757104073809,southern_field_l_2025,South,2025
2025-05-30,0.6215275733300843,southern_field_g_2025,South,2025
2025-05-30,0.8872643902702732,southern_field_i_2025,South,2025
2025-05-30,0.2572727948911252,southern_field_c_2025,South,2025
2025-05-30,0.1899274126117142,southern_field_d_2025,South,2025
2025-05-30,0.8719340561157826,southern_field_j_2025,South,2025
2025-05-30,0.8208300378814276,southern_field_h_2025,South,2025
2025-06-01,0.7125593133153253,southern_field_e_2025,South,2025
2025-06-01,0.8671845350770975,southern_field_j_2025,South,2025
2025-06-01,0.2500235631219977,southern_field_c_2025,South,2025
2025-06-01,0.6235695622034307,southern_field_b_2025,South,2025
2025-06-01,0.8832857470584162,southern_field_l_2025,South,2025
2025-06-01,0.5777077903467868,southern_field_a_2025,South,2025
2025-06-01,0.7985863342400621,southern_field_l_2025,South,2025
2025-06-01,0.6068038359549691,southern_field_g_2025,South,2025
2025-06-01,0.8840388544312409,southern_field_i_2025,South,2025
2025-06-01,0.754385031474542,southern_field_k_2025,South,2025
2025-06-01,0.1843031422880744,southern_field_d_2025,South,2025
2025-06-01,0.8259659004032178,southern_field_h_2025,South,2025
2025-06-01,0.8340483398775053,southern_field_f_2025,South,2025
2025-06-04,0.2476292194926796,southern_field_c_2025,South,2025
2025-06-04,0.8861829277327654,southern_field_i_2025,South,2025
2025-06-04,0.6263578904178871,southern_field_b_2025,South,2025
2025-06-04,0.838172496413331,southern_field_f_2025,South,2025
2025-06-04,0.787796567912852,southern_field_l_2025,South,2025
2025-06-04,0.1896951593805987,southern_field_d_2025,South,2025
2025-06-04,0.7217968350388408,southern_field_k_2025,South,2025
2025-06-04,0.5509221627799478,southern_field_a_2025,South,2025
2025-06-04,0.5999617343154147,southern_field_g_2025,South,2025
2025-06-04,0.8924320280809164,southern_field_l_2025,South,2025
2025-06-04,0.8319202051668573,southern_field_h_2025,South,2025
2025-06-04,0.862670202139154,southern_field_j_2025,South,2025
2025-06-04,0.710760697569891,southern_field_e_2025,South,2025
2025-06-09,0.7323456786166613,southern_field_l_2025,South,2025
2025-06-09,0.6221819433925401,southern_field_k_2025,South,2025
2025-06-09,0.428659782129425,southern_field_a_2025,South,2025
2025-06-09,0.8282653981013105,southern_field_j_2025,South,2025
2025-06-09,0.5942721827228999,southern_field_b_2025,South,2025
2025-06-09,0.2177614779546928,southern_field_c_2025,South,2025
2025-06-09,0.8609692502115782,southern_field_i_2025,South,2025
2025-06-09,0.8653707010005174,southern_field_l_2025,South,2025
2025-06-09,0.5459879100379844,southern_field_g_2025,South,2025
2025-06-09,0.6705387175990809,southern_field_e_2025,South,2025
2025-06-09,0.8016177161068212,southern_field_h_2025,South,2025
2025-06-09,0.1687536686636768,southern_field_d_2025,South,2025
2025-06-09,0.8099377334224052,southern_field_f_2025,South,2025
2025-06-19,0.2196575593048166,southern_field_g_2025,South,2025
2025-06-19,0.192212489201339,southern_field_c_2025,South,2025
2025-06-19,0.1442559742462859,southern_field_k_2025,South,2025
2025-06-19,0.5207526536014343,southern_field_j_2025,South,2025
2025-06-19,0.170387555674786,southern_field_a_2025,South,2025
2025-06-19,0.3403400336540362,southern_field_i_2025,South,2025
2025-06-19,0.1566388353248387,southern_field_d_2025,South,2025
2025-06-19,0.0281320281023118,southern_field_l_2025,South,2025
2025-06-19,0.2631518785966781,southern_field_f_2025,South,2025
2025-06-19,0.0265228696456821,southern_field_e_2025,South,2025
2025-06-19,0.0461150270786597,southern_field_l_2025,South,2025
2025-06-19,0.2361755764275209,southern_field_h_2025,South,2025
2025-06-19,0.1493276896800632,southern_field_b_2025,South,2025
2025-06-21,0.8301056245604856,southern_field_i_2025,South,2025
2025-06-21,0.5795843710001839,southern_field_b_2025,South,2025
2025-06-21,0.4738906776620519,southern_field_g_2025,South,2025
2025-06-21,0.7811905679522548,southern_field_h_2025,South,2025
2025-06-21,0.1848076048549503,southern_field_d_2025,South,2025
2025-06-21,0.615045930729492,southern_field_e_2025,South,2025
2025-06-21,0.8141068028965808,southern_field_f_2025,South,2025
2025-06-21,0.6490895172254084,southern_field_l_2025,South,2025
2025-06-21,0.7967102184813474,southern_field_j_2025,South,2025
2025-06-21,0.2316747179727779,southern_field_c_2025,South,2025
2025-06-21,0.8760395536025297,southern_field_l_2025,South,2025
2025-06-21,0.4821376800517978,southern_field_k_2025,South,2025
2025-06-21,0.2577560177525812,southern_field_a_2025,South,2025
2025-06-24,0.7583730473781218,southern_field_j_2025,South,2025
2025-06-24,0.3949419356033946,southern_field_k_2025,South,2025
2025-06-24,0.246963431952421,southern_field_a_2025,South,2025
2025-06-24,0.4490948377992511,southern_field_g_2025,South,2025
2025-06-24,0.5512759072815753,southern_field_b_2025,South,2025
2025-06-24,0.7839785577573055,southern_field_i_2025,South,2025
2025-06-24,0.8598603307525092,southern_field_l_2025,South,2025
2025-06-24,0.7905595711417485,southern_field_f_2025,South,2025
2025-06-24,0.2180978942196503,southern_field_c_2025,South,2025
2025-06-24,0.7277685751371187,southern_field_h_2025,South,2025
2025-06-24,0.606388787113198,southern_field_l_2025,South,2025
2025-06-24,0.1762610043327621,southern_field_d_2025,South,2025
2025-06-24,0.547961132806048,southern_field_e_2025,South,2025
2025-06-29,0.735038528186519,southern_field_i_2025,South,2025
2025-06-29,0.187179324841867,southern_field_d_2025,South,2025
2025-06-29,0.691694622912519,southern_field_j_2025,South,2025
2025-06-29,0.2080950161286914,southern_field_c_2025,South,2025
2025-06-29,0.6651707799218489,southern_field_h_2025,South,2025
2025-06-29,0.242406721011455,southern_field_a_2025,South,2025
2025-06-29,0.3204222445095811,southern_field_k_2025,South,2025
2025-06-29,0.3981164543073584,southern_field_e_2025,South,2025
2025-06-29,0.4232732786411671,southern_field_g_2025,South,2025
2025-06-29,0.5215877554131017,southern_field_b_2025,South,2025
2025-06-29,0.8410064593413026,southern_field_l_2025,South,2025
2025-06-29,0.7727681159628986,southern_field_f_2025,South,2025
2025-06-29,0.550610933406869,southern_field_l_2025,South,2025
2025-07-04,0.233609788826377,southern_field_a_2025,South,2025
2025-07-04,0.3043726472950926,southern_field_e_2025,South,2025
2025-07-04,0.6450162100043418,southern_field_j_2025,South,2025
2025-07-04,0.608919205292037,southern_field_h_2025,South,2025
2025-07-04,0.1817477496824522,southern_field_d_2025,South,2025
2025-07-04,0.5002635897958086,southern_field_l_2025,South,2025
2025-07-04,0.7673549320757159,southern_field_f_2025,South,2025
2025-07-04,0.4831608687522347,southern_field_b_2025,South,2025
2025-07-04,0.8283652924987114,southern_field_l_2025,South,2025
2025-07-04,0.6866604477204195,southern_field_i_2025,South,2025
2025-07-04,0.2747679017327964,southern_field_k_2025,South,2025
2025-07-04,0.198768747433478,southern_field_c_2025,South,2025
2025-07-04,0.4035206596862049,southern_field_g_2025,South,2025
2025-07-09,0.4353061759504613,southern_field_h_2025,South,2025
2025-07-09,0.7945031839543838,southern_field_l_2025,South,2025
2025-07-09,0.2316714591742795,southern_field_a_2025,South,2025
2025-07-09,0.4178037866027008,southern_field_j_2025,South,2025
2025-07-09,0.2216437664803446,southern_field_e_2025,South,2025
2025-07-09,0.3558596866085069,southern_field_l_2025,South,2025
2025-07-09,0.7117509699606559,southern_field_f_2025,South,2025
2025-07-09,0.4075997980602929,southern_field_b_2025,South,2025
2025-07-09,0.1774248456688004,southern_field_d_2025,South,2025
2025-07-09,0.4811704331342068,southern_field_i_2025,South,2025
2025-07-09,0.2021324922756847,southern_field_c_2025,South,2025
2025-07-09,0.402296021794687,southern_field_g_2025,South,2025
2025-07-09,0.2539286121072234,southern_field_k_2025,South,2025
2025-07-11,0.4039132415581818,southern_field_g_2025,South,2025
2025-07-11,0.2497356950455113,southern_field_k_2025,South,2025
2025-07-11,0.3869931294589592,southern_field_b_2025,South,2025
2025-07-11,0.3694057100308062,southern_field_j_2025,South,2025
2025-07-11,0.2404358314081326,southern_field_a_2025,South,2025
2025-07-11,0.3996666609372051,southern_field_h_2025,South,2025
2025-07-11,0.2285299322052003,southern_field_e_2025,South,2025
2025-07-11,0.4052092428545908,southern_field_i_2025,South,2025
2025-07-11,0.7799686513840425,southern_field_l_2025,South,2025
2025-07-11,0.2062841106634376,southern_field_c_2025,South,2025
2025-07-11,0.1863728491681045,southern_field_d_2025,South,2025
2025-07-11,0.6920389550874197,southern_field_f_2025,South,2025
2025-07-11,0.3254018370990785,southern_field_l_2025,South,2025
2025-07-14,0.7317369660898768,southern_field_l_2025,South,2025
2025-07-14,0.2249472970769643,southern_field_k_2025,South,2025
2025-07-14,0.386838123789974,southern_field_g_2025,South,2025
2025-07-14,0.3084407048024621,southern_field_j_2025,South,2025
2025-07-14,0.170313254757959,southern_field_d_2025,South,2025
2025-07-14,0.1914897773310145,southern_field_c_2025,South,2025
2025-07-14,0.6370466228225732,southern_field_f_2025,South,2025
2025-07-14,0.3523078541400639,southern_field_h_2025,South,2025
2025-07-14,0.2706091442159967,southern_field_l_2025,South,2025
2025-07-14,0.3395551016086296,southern_field_b_2025,South,2025
2025-07-14,0.2075103446805422,southern_field_e_2025,South,2025
2025-07-14,0.3127395835210039,southern_field_i_2025,South,2025
2025-07-14,0.2288793077294226,southern_field_a_2025,South,2025
2025-07-24,0.2106395094665918,southern_field_l_2025,South,2025
2025-07-24,0.5462972137601853,southern_field_l_2025,South,2025
2025-07-24,0.201503280952412,southern_field_k_2025,South,2025
2025-07-24,0.1841956193891595,southern_field_e_2025,South,2025
2025-07-24,0.3789666015104566,southern_field_g_2025,South,2025
2025-07-24,0.2104011129482397,southern_field_j_2025,South,2025
2025-07-24,0.2422599720086373,southern_field_a_2025,South,2025
2025-07-24,0.1573814922923211,southern_field_d_2025,South,2025
2025-07-24,0.1820341948882316,southern_field_c_2025,South,2025
2025-07-24,0.234297744715136,southern_field_b_2025,South,2025
2025-07-24,0.4794071691880284,southern_field_f_2025,South,2025
2025-07-24,0.2039908485236966,southern_field_i_2025,South,2025
2025-07-24,0.3175402997213164,southern_field_h_2025,South,2025
2025-07-29,0.1808624753850418,southern_field_d_2025,South,2025
2025-07-29,0.4575726199470935,southern_field_l_2025,South,2025
2025-07-29,0.247296970590968,southern_field_i_2025,South,2025
2025-07-29,0.3315366454834872,southern_field_h_2025,South,2025
2025-07-29,0.3907853539862866,southern_field_g_2025,South,2025
2025-07-29,0.2342082391471567,southern_field_b_2025,South,2025
2025-07-29,0.2274692360519197,southern_field_j_2025,South,2025
2025-07-29,0.1923226333838126,southern_field_c_2025,South,2025
2025-07-29,0.2156775819765669,southern_field_e_2025,South,2025
2025-07-29,0.21419709630074,southern_field_l_2025,South,2025
2025-07-29,0.2658332546677869,southern_field_a_2025,South,2025
2025-07-29,0.3985549439714192,southern_field_f_2025,South,2025
2025-07-29,0.2176959070039133,southern_field_k_2025,South,2025
2025-07-31,0.2099141224026473,southern_field_l_2025,South,2025
2025-07-31,0.3809249508628152,southern_field_g_2025,South,2025
2025-07-31,0.2860859914886761,southern_field_f_2025,South,2025
2025-07-31,0.2417730192798261,southern_field_i_2025,South,2025
2025-07-31,0.2189732375709525,southern_field_b_2025,South,2025
2025-07-31,0.1862514662905577,southern_field_c_2025,South,2025
2025-07-31,0.2135780738526806,southern_field_e_2025,South,2025
2025-07-31,0.397798685159026,southern_field_l_2025,South,2025
2025-07-31,0.2634602527367536,southern_field_a_2025,South,2025
2025-07-31,0.3170780107557432,southern_field_h_2025,South,2025
2025-07-31,0.1843703884810486,southern_field_d_2025,South,2025
2025-07-31,0.2121012634784299,southern_field_k_2025,South,2025
2025-07-31,0.2185523403492172,southern_field_j_2025,South,2025
2025-08-03,0.3196591962124726,southern_field_l_2025,South,2025
2025-08-03,0.2475292813730608,southern_field_a_2025,South,2025
2025-08-03,0.2252495703641114,southern_field_i_2025,South,2025
2025-08-03,0.1908467121285219,southern_field_l_2025,South,2025
2025-08-03,0.3004355463563802,southern_field_h_2025,South,2025
2025-08-03,0.1814490050701467,southern_field_d_2025,South,2025
2025-08-03,0.1972110803189597,southern_field_b_2025,South,2025
2025-08-03,0.1886188532850194,southern_field_e_2025,South,2025
2025-08-03,0.2043110612229744,southern_field_k_2025,South,2025
2025-08-03,0.1708359287020826,southern_field_c_2025,South,2025
2025-08-03,0.3543302611335619,southern_field_g_2025,South,2025
2025-08-03,0.2007478911142728,southern_field_j_2025,South,2025
2025-08-03,0.2531826292749817,southern_field_f_2025,South,2025
2025-08-08,0.2161220876252128,southern_field_h_2025,South,2025
2025-08-08,0.2101867346732166,southern_field_g_2025,South,2025
2025-08-08,0.2293610440030923,southern_field_f_2025,South,2025
2025-08-08,0.2481256595232588,southern_field_l_2025,South,2025
2025-08-08,0.0836280326292304,southern_field_i_2025,South,2025
2025-08-08,0.1693784103755404,southern_field_d_2025,South,2025
2025-08-08,0.142946411175918,southern_field_k_2025,South,2025
2025-08-08,0.1324269105490806,southern_field_l_2025,South,2025
2025-08-08,0.2248677158986148,southern_field_a_2025,South,2025
2025-08-08,0.1398183976404099,southern_field_j_2025,South,2025
2025-08-08,0.1686882165937968,southern_field_b_2025,South,2025
2025-08-08,0.1323721132794158,southern_field_e_2025,South,2025
2025-08-08,0.1560689436922244,southern_field_c_2025,South,2025
2025-08-13,0.1526614975869163,southern_field_c_2025,South,2025
2025-08-13,0.1636964911901818,southern_field_i_2025,South,2025
2025-08-13,0.1430559339364858,southern_field_l_2025,South,2025
2025-08-13,0.2391404625237221,southern_field_a_2025,South,2025
2025-08-13,0.3426897363997359,southern_field_g_2025,South,2025
2025-08-13,0.2891864745419254,southern_field_h_2025,South,2025
2025-08-13,0.4044101798402081,southern_field_d_2025,South,2025
2025-08-13,0.1642750561258192,southern_field_k_2025,South,2025
2025-08-13,0.1581647547824942,southern_field_j_2025,South,2025
2025-08-13,0.1622430075708725,southern_field_b_2025,South,2025
2025-08-13,0.1674342111981701,southern_field_e_2025,South,2025
2025-08-13,0.1975335107001257,southern_field_f_2025,South,2025
2025-08-13,0.2113499293642836,southern_field_l_2025,South,2025
2025-08-20,0.2622524473643097,southern_field_a_2025,South,2025
2025-08-20,0.1656531114534172,southern_field_k_2025,South,2025
2025-08-20,0.162025373490429,southern_field_l_2025,South,2025
2025-08-20,0.1917948162555937,southern_field_f_2025,South,2025
2025-08-20,0.2056211218718128,southern_field_l_2025,South,2025
2025-08-20,0.205021561317192,southern_field_g_2025,South,2025
2025-08-20,0.1852881220297507,southern_field_e_2025,South,2025
2025-08-20,0.171157959796634,southern_field_j_2025,South,2025
2025-08-20,0.3185197332054341,southern_field_h_2025,South,2025
2025-08-20,0.6495978011700072,southern_field_d_2025,South,2025
2025-08-20,0.1652912876564361,southern_field_c_2025,South,2025
2025-08-20,0.2030819522512645,southern_field_i_2025,South,2025
2025-08-20,0.1895422181575715,southern_field_b_2025,South,2025
2025-08-23,0.1995662719305829,southern_field_b_2025,South,2025
2025-08-23,0.1706658168790218,southern_field_c_2025,South,2025
2025-08-23,0.1752747876633333,southern_field_j_2025,South,2025
2025-08-23,0.2080243733633938,southern_field_g_2025,South,2025
2025-08-23,0.1675236968823126,southern_field_k_2025,South,2025
2025-08-23,0.1911498091740584,southern_field_f_2025,South,2025
2025-08-23,0.1953467414434731,southern_field_i_2025,South,2025
2025-08-23,0.2790637279154261,southern_field_a_2025,South,2025
2025-08-23,0.3260560548412385,southern_field_h_2025,South,2025
2025-08-23,0.1759959165972317,southern_field_l_2025,South,2025
2025-08-23,0.1906343513193839,southern_field_e_2025,South,2025
2025-08-23,0.2074090988235791,southern_field_l_2025,South,2025
2025-08-23,0.6899228932923084,southern_field_d_2025,South,2025
2025-08-28,0.2927853377854852,southern_field_a_2025,South,2025
2025-08-28,0.1702848306889283,southern_field_l_2025,South,2025
2025-08-28,0.1714999477545635,southern_field_c_2025,South,2025
2025-08-28,0.2067044728234679,southern_field_b_2025,South,2025
2025-08-28,0.2014218113617614,southern_field_l_2025,South,2025
2025-08-28,0.1932092692504049,southern_field_i_2025,South,2025
2025-08-28,0.1759091912445003,southern_field_j_2025,South,2025
2025-08-28,0.1893030454924896,southern_field_e_2025,South,2025
2025-08-28,0.1858009855371303,southern_field_f_2025,South,2025
2025-08-28,0.2630137969602359,southern_field_h_2025,South,2025
2025-08-28,0.1642229624682253,southern_field_k_2025,South,2025
2025-08-28,0.8109053963132414,southern_field_d_2025,South,2025
2025-08-28,0.2013020589394231,southern_field_g_2025,South,2025
2025-09-02,0.1419087141373718,southern_field_h_2025,South,2025
2025-09-02,0.2339363114709803,southern_field_d_2025,South,2025
2025-09-02,0.0775719597640625,southern_field_k_2025,South,2025
2025-09-02,0.1171598619123728,southern_field_a_2025,South,2025
2025-09-02,0.0245024697007963,southern_field_l_2025,South,2025
2025-09-02,0.0843867739418534,southern_field_f_2025,South,2025
2025-09-02,0.1519326541789561,southern_field_c_2025,South,2025
2025-09-02,0.0842191887683345,southern_field_j_2025,South,2025
2025-09-02,0.1872510169511104,southern_field_b_2025,South,2025
2025-09-02,0.1688525708746657,southern_field_i_2025,South,2025
2025-09-02,0.0292730968660921,southern_field_l_2025,South,2025
2025-09-02,0.0256796864640821,southern_field_e_2025,South,2025
2025-09-02,0.1227866441281148,southern_field_g_2025,South,2025
2025-09-09,0.1825901887912299,southern_field_g_2025,South,2025
2025-09-09,0.1923772578739999,southern_field_b_2025,South,2025
2025-09-09,0.1781481426644688,southern_field_k_2025,South,2025
2025-09-09,0.1764024968480965,southern_field_j_2025,South,2025
2025-09-09,0.1544496234899895,southern_field_l_2025,South,2025
2025-09-09,0.1970554514715881,southern_field_i_2025,South,2025
2025-09-09,0.1728284126999928,southern_field_f_2025,South,2025
2025-09-09,0.1943814875178718,southern_field_h_2025,South,2025
2025-09-09,0.1635436640624595,southern_field_c_2025,South,2025
2025-09-09,0.2031628006961605,southern_field_a_2025,South,2025
2025-09-09,0.7920618560719105,southern_field_d_2025,South,2025
2025-09-09,0.1713577223677649,southern_field_l_2025,South,2025
2025-09-09,0.174619496569957,southern_field_e_2025,South,2025
2025-09-12,0.1718895777000489,southern_field_f_2025,South,2025
2025-09-12,0.1575663318810544,southern_field_l_2025,South,2025
2025-09-12,0.1771302408765551,southern_field_k_2025,South,2025
2025-09-12,0.2041696905807707,southern_field_a_2025,South,2025
2025-09-12,0.1837285376641949,southern_field_g_2025,South,2025
2025-09-12,0.1755076475465688,southern_field_e_2025,South,2025
2025-09-12,0.199852875326182,southern_field_i_2025,South,2025
2025-09-12,0.1923371020808429,southern_field_b_2025,South,2025
2025-09-12,0.8148753937043808,southern_field_d_2025,South,2025
2025-09-12,0.1952803858385926,southern_field_h_2025,South,2025
2025-09-12,0.194382101946413,southern_field_j_2025,South,2025
2025-09-12,0.1601282874036779,southern_field_c_2025,South,2025
2025-09-12,0.1725568437182266,southern_field_l_2025,South,2025
2025-09-17,0.1719078679576686,southern_field_l_2025,South,2025
2025-09-17,0.8240977094457804,southern_field_d_2025,South,2025
2025-09-17,0.1592503965656641,southern_field_c_2025,South,2025
2025-09-17,0.2052224856936701,southern_field_i_2025,South,2025
2025-09-17,0.182127725884592,southern_field_g_2025,South,2025
2025-09-17,0.2365474503028775,southern_field_j_2025,South,2025
2025-09-17,0.184038754038052,southern_field_e_2025,South,2025
2025-09-17,0.1909369766298942,southern_field_h_2025,South,2025
2025-09-17,0.1602933540483468,southern_field_l_2025,South,2025
2025-09-17,0.1820565759326994,southern_field_k_2025,South,2025
2025-09-17,0.1922744674647634,southern_field_b_2025,South,2025
2025-09-17,0.1717080410243005,southern_field_f_2025,South,2025
2025-09-17,0.2050923187294357,southern_field_a_2025,South,2025
2025-09-22,0.1570463407066266,southern_field_l_2025,South,2025
2025-09-22,0.2151944881084724,southern_field_i_2025,South,2025
2025-09-22,0.167266083885356,southern_field_l_2025,South,2025
2025-09-22,0.1813909586500144,southern_field_e_2025,South,2025
2025-09-22,0.1645561164092578,southern_field_f_2025,South,2025
2025-09-22,0.1789983717859279,southern_field_g_2025,South,2025
2025-09-22,0.1966776344835373,southern_field_k_2025,South,2025
2025-09-22,0.8488634043596769,southern_field_d_2025,South,2025
2025-09-22,0.305914323831719,southern_field_j_2025,South,2025
2025-09-22,0.1885584244181396,southern_field_b_2025,South,2025
2025-09-22,0.1544219341647515,southern_field_c_2025,South,2025
2025-09-22,0.2105080941568527,southern_field_a_2025,South,2025
2025-09-22,0.1904540352806273,southern_field_h_2025,South,2025
2025-10-02,0.1778517549280169,southern_field_l_2025,South,2025
2025-10-02,0.2003023812498851,southern_field_e_2025,South,2025
2025-10-02,0.1803597597717207,southern_field_f_2025,South,2025
2025-10-02,0.213374187409285,southern_field_a_2025,South,2025
2025-10-02,0.1941140485013478,southern_field_l_2025,South,2025
2025-10-02,0.1825807470631716,southern_field_g_2025,South,2025
2025-10-02,0.2507809844272881,southern_field_k_2025,South,2025
2025-10-02,0.4290725070416642,southern_field_j_2025,South,2025
2025-10-02,0.1995855047486277,southern_field_b_2025,South,2025
2025-10-02,0.1550979374549904,southern_field_c_2025,South,2025
2025-10-02,0.2900529830155647,southern_field_i_2025,South,2025
2025-10-02,0.1984443557283806,southern_field_h_2025,South,2025
2025-10-02,0.8601304078308559,southern_field_d_2025,South,2025
2025-10-07,0.1524954901847351,southern_field_l_2025,South,2025
2025-10-07,0.1600527681128839,southern_field_l_2025,South,2025
2025-10-07,0.152744128502295,southern_field_f_2025,South,2025
2025-10-07,0.1362867052687719,southern_field_c_2025,South,2025
2025-10-07,0.2739467218435737,southern_field_i_2025,South,2025
2025-10-07,0.1748458079144124,southern_field_h_2025,South,2025
2025-10-07,0.1614139969742653,southern_field_k_2025,South,2025
2025-10-07,0.4444589243512254,southern_field_j_2025,South,2025
2025-10-07,0.8013120003476399,southern_field_d_2025,South,2025
2025-10-07,0.1691863759637704,southern_field_e_2025,South,2025
2025-10-07,0.1737947545810234,southern_field_b_2025,South,2025
2025-10-07,0.1615962855152263,southern_field_g_2025,South,2025
2025-10-07,0.1746949969899293,southern_field_a_2025,South,2025
2025-10-12,0.4345417460197313,southern_field_j_2025,South,2025
2025-10-12,0.1378743246448656,southern_field_c_2025,South,2025
2025-10-12,0.1468647344426507,southern_field_f_2025,South,2025
2025-10-12,0.1832606256338916,southern_field_i_2025,South,2025
2025-10-12,0.1692877501965425,southern_field_b_2025,South,2025
2025-10-12,0.1663401734828306,southern_field_k_2025,South,2025
2025-10-12,0.1507162346659699,southern_field_l_2025,South,2025
2025-10-12,0.1622027030637631,southern_field_g_2025,South,2025
2025-10-12,0.7222676721537085,southern_field_d_2025,South,2025
2025-10-12,0.1715891984237866,southern_field_a_2025,South,2025
2025-10-12,0.1721320911991001,southern_field_h_2025,South,2025
2025-10-12,0.149829224057591,southern_field_l_2025,South,2025
2025-10-12,0.1616854951388721,southern_field_e_2025,South,2025
2025-10-19,0.1436983805777011,southern_field_k_2025,South,2025
2025-10-19,0.6001227272425244,southern_field_d_2025,South,2025
2025-10-19,0.6241069614557458,southern_field_j_2025,South,2025
2025-10-19,0.1379090684580107,southern_field_l_2025,South,2025
2025-10-19,0.1419553367006239,southern_field_c_2025,South,2025
2025-10-19,0.131056776126708,southern_field_f_2025,South,2025
2025-10-19,0.1651363465445258,southern_field_a_2025,South,2025
2025-10-19,0.1382955821715984,southern_field_l_2025,South,2025
2025-10-19,0.1757733032118885,southern_field_i_2025,South,2025
2025-10-19,0.1589960243274558,southern_field_e_2025,South,2025
2025-10-19,0.1701953471292395,southern_field_b_2025,South,2025
2025-10-19,0.1517638797185659,southern_field_g_2025,South,2025
2025-10-19,0.1333502127148196,southern_field_h_2025,South,2025
2025-11-01,0.1777764629254305,southern_field_b_2025,South,2025
2025-11-01,0.1744557031547881,southern_field_e_2025,South,2025
2025-11-01,0.1819408593061333,southern_field_g_2025,South,2025
2025-11-01,0.158772860547723,southern_field_l_2025,South,2025
2025-11-01,0.1785329566369262,southern_field_i_2025,South,2025
2025-11-01,0.1478013465798234,southern_field_c_2025,South,2025
2025-11-01,0.6574604803496149,southern_field_j_2025,South,2025
2025-11-01,0.1607129791476631,southern_field_l_2025,South,2025
2025-11-01,0.4380695580505863,southern_field_d_2025,South,2025
2025-11-01,0.1538615434782081,southern_field_a_2025,South,2025
2025-11-01,0.1774470457064424,southern_field_h_2025,South,2025
2025-11-01,0.1610530105826789,southern_field_f_2025,South,2025
2025-11-01,0.1554702731358748,southern_field_k_2025,South,2025
2025-11-21,0.1725361856612219,southern_field_k_2025,South,2025
2025-11-21,0.2030519615802896,southern_field_b_2025,South,2025
2025-11-21,0.1415359498445389,southern_field_a_2025,South,2025
2025-11-21,0.1417832094415575,southern_field_f_2025,South,2025
2025-11-21,0.1710360554435887,southern_field_i_2025,South,2025
2025-11-21,0.1664894836473957,southern_field_h_2025,South,2025
2025-11-21,0.4109142465202744,southern_field_g_2025,South,2025
2025-11-21,0.1414185006158879,southern_field_c_2025,South,2025
2025-11-21,0.156041102734963,southern_field_e_2025,South,2025
2025-11-21,0.1651256784556084,southern_field_d_2025,South,2025
2025-11-21,0.5630443415529993,southern_field_j_2025,South,2025
2025-11-21,0.1409701332071997,southern_field_l_2025,South,2025
2025-11-21,0.1539468441216047,southern_field_l_2025,South,2025
2025-12-06,0.6016551533168565,southern_field_e_2025,South,2025
2025-12-06,0.2149667401405615,southern_field_h_2025,South,2025
2025-12-06,0.2890917202663718,southern_field_l_2025,South,2025
2025-12-06,0.1852708872296239,southern_field_d_2025,South,2025
2025-12-06,0.7470206451752378,southern_field_g_2025,South,2025
2025-12-06,0.293694027659422,southern_field_l_2025,South,2025
2025-12-06,0.3592684068797548,southern_field_f_2025,South,2025
2025-12-06,0.4831532836635926,southern_field_i_2025,South,2025
2025-12-06,0.2778027969475675,southern_field_k_2025,South,2025
2025-12-06,0.1775414023344916,southern_field_c_2025,South,2025
2025-12-06,0.5552760973395658,southern_field_j_2025,South,2025
2025-12-06,0.4874916103645493,southern_field_a_2025,South,2025
2025-12-06,0.5249492928041323,southern_field_b_2025,South,2025
2025-12-16,0.7758971306870142,southern_field_f_2025,South,2025
2025-12-16,0.3712874640053046,southern_field_k_2025,South,2025
2025-12-16,0.5598848944920876,southern_field_j_2025,South,2025
2025-12-16,0.136209286451073,southern_field_d_2025,South,2025
2025-12-16,0.1620670265966898,southern_field_h_2025,South,2025
2025-12-16,0.3197059136747767,southern_field_a_2025,South,2025
2025-12-16,0.3422621962706804,southern_field_l_2025,South,2025
2025-12-16,0.8356830211388877,southern_field_e_2025,South,2025
2025-12-16,0.8183153164627756,southern_field_g_2025,South,2025
2025-12-16,0.1657439567910649,southern_field_c_2025,South,2025
2025-12-16,0.8615879569412178,southern_field_i_2025,South,2025
2025-12-16,0.2805963552409605,southern_field_b_2025,South,2025
2025-12-16,0.7206282439216098,southern_field_l_2025,South,2025
